timestamp,symbol,entry,sl,tp,rsi,volume_ratio,atr_pct,ma_slope,regime,strategy_name,outcome
2026-03-05 09:59:42.557799,AADI.JK,10300.0,9321.42857142857,10789.285714285714,76.82119205298014,1.8636664891173087,0.04750346740638,0.1175115207373272,0,MA_Cross,
2026-03-05 09:59:42.645418,ABMM.JK,2990.0,2825.714285714286,3072.1428571428573,70.2127659574468,5.490239724632921,0.0274725274725274,0.0026486373457865,0,MA_Cross,
2026-03-05 09:59:42.971730,ADMR.JK,2010.0,1777.857142857143,2126.0714285714284,57.69230769230769,1.6326359552287193,0.0577469793887704,0.0544707639778061,0,MA_Cross,
2026-03-05 09:59:43.011612,ADRO.JK,2400.0,2224.285714285714,2487.8571428571427,71.69811320754718,1.6357790251695412,0.0366071428571428,0.0627046036970805,0,MA_Cross,
2026-03-05 09:59:43.431130,AMAN.JK,298.0,223.14285714285717,335.42857142857144,55.35714285714286,0.6499614224194091,0.1255992329817833,0.1477633925110473,0,MA_Cross,
2026-03-05 09:59:43.645575,ANTM.JK,4050.0,3618.571428571429,4265.714285714285,54.65116279069768,1.4472192024623514,0.0532627865961199,0.0624166581187814,0,MA_Cross,
2026-03-05 09:59:43.700150,APEX.JK,236.0,195.0,256.5,59.75609756097561,4.144674600879454,0.086864406779661,-0.0510150507525376,0,MA_Cross,
2026-03-05 09:59:43.980177,ASGR.JK,1590.0,1418.571428571429,1675.7142857142858,29.629629629629637,0.5662769711558396,0.0539083557951482,0.1586324786324786,0,MA_Cross,
2026-03-05 09:59:44.229359,AUTO.JK,2750.0,2587.1428571428573,2831.428571428572,58.33333333333333,2.0458928359507893,0.0296103896103896,0.0061043698354798,0,MA_Cross,
2026-03-05 09:59:44.706054,BBTN.JK,1255.0,1163.571428571429,1300.7142857142858,44.44444444444444,1.024019176464155,0.0364257256687535,0.0730895677972897,0,MA_Cross,
2026-03-05 09:59:44.844022,BDMN.JK,2620.0,2447.1428571428573,2706.428571428572,49.25373134328358,1.563595000261493,0.0329880043620501,0.0442255697180378,0,MA_Cross,
2026-03-05 09:59:44.939627,BELL.JK,162.0,88.57142857142857,198.7142857142857,58.92116182572614,1.7781516424704291,0.2266313932980599,0.2813068420316217,0,MA_Cross,
2026-03-05 09:59:45.094965,BINA.JK,4650.0,4478.571428571428,4735.714285714285,41.66666666666667,3.4446564885496183,0.0184331797235023,0.0107645180774871,0,MA_Cross,
2026-03-05 09:59:45.131312,BIPI.JK,260.0,186.7142857142857,296.6428571428572,67.88079470198676,0.781259905607709,0.1409340659340659,0.1899791231732775,0,MA_Cross,
2026-03-05 09:59:45.884376,BSSR.JK,3950.0,3882.857142857143,3983.571428571429,60.869565217391305,3.346930450744442,0.0084990958408679,0.005106769164332,0,MA_Cross,
2026-03-05 09:59:46.060045,BUKK.JK,1660.0,1394.2857142857142,1792.857142857143,60.3448275862069,0.3127198998151351,0.0800344234079173,-0.0248161196612893,0,MA_Cross,
2026-03-05 09:59:47.004255,DGNS.JK,302.0,257.42857142857144,324.2857142857143,50.0,3.1843673546201616,0.0737937559129612,0.1573059188147252,0,MA_Cross,
2026-03-05 09:59:47.500861,ECII.JK,226.0,168.0,255.0,52.23880597014925,0.3324003572025862,0.1283185840707964,0.0835998172681588,0,MA_Cross,
2026-03-05 09:59:47.570697,ELSA.JK,875.0,735.7142857142858,944.6428571428572,60.0,2.3981311235749083,0.0795918367346938,0.2291537986411364,0,MA_Cross,
2026-03-05 09:59:47.796444,ESSA.JK,740.0,662.8571428571429,778.5714285714286,73.07692307692308,2.210406418546332,0.0521235521235521,-0.0041879944160075,0,MA_Cross,
2026-03-05 09:59:48.795897,HRTA.JK,3000.0,2635.714285714286,3182.1428571428573,71.1864406779661,0.9852343595098828,0.0607142857142857,0.1116161824868795,0,MA_Cross,
2026-03-05 09:59:48.956391,ICON.JK,97.0,65.57142857142857,112.71428571428572,55.99999999999999,5.720307039554581,0.1620029455081001,0.0905326768128917,0,MA_Cross,
2026-03-05 09:59:48.986857,IDPR.JK,308.0,287.42857142857144,318.2857142857143,66.66666666666666,2.0673712021136064,0.0333951762523191,0.0109328411188413,0,MA_Cross,
2026-03-05 09:59:49.016875,IFSH.JK,3250.0,2407.142857142857,3671.428571428572,75.45731707317073,2.129409903496282,0.1296703296703296,0.0922003966984451,0,MA_Cross,
2026-03-05 09:59:49.080691,IKBI.JK,550.0,472.8571428571429,588.5714285714286,51.11111111111111,0.3866888845324446,0.0701298701298701,0.039032435404068,0,MA_Cross,
2026-03-05 09:59:49.274497,INCO.JK,6475.0,5528.571428571428,6948.214285714285,51.49700598802396,1.3861058936992927,0.0730832873690016,0.1050616346511139,0,MA_Cross,
2026-03-05 09:59:49.402363,INDY.JK,3900.0,3320.0,4190.0,55.8974358974359,1.591261197307836,0.0743589743589743,0.143516773464003,0,MA_Cross,
2026-03-05 09:59:49.435753,INKP.JK,9725.0,8303.57142857143,10435.714285714286,55.06072874493927,1.1959354144052472,0.0730811604847594,0.0475444096133751,0,MA_Cross,
2026-03-05 09:59:49.706282,ISSP.JK,505.0,450.7142857142857,532.1428571428571,57.87234042553192,1.7012565297190456,0.0537482319660537,0.0626371734733399,0,MA_Cross,
2026-03-05 09:59:49.810675,JAYA.JK,126.0,78.85714285714286,149.57142857142858,51.485148514851495,0.7082995854928478,0.1870748299319728,0.0654496173469388,0,MA_Cross,
2026-03-05 09:59:49.937027,JRPT.JK,1090.0,1057.857142857143,1106.071428571429,54.54545454545455,0.9511069493679352,0.0147444298820445,0.0120481927710843,0,MA_Cross,
2026-03-05 09:59:50.398272,KKGI.JK,342.0,322.0,352.0,69.56521739130434,5.969551542537629,0.0292397660818713,-0.0239328069905381,0,MA_Cross,
2026-03-05 09:59:50.807382,LPCK.JK,740.0,622.8571428571429,798.5714285714286,49.18032786885246,0.6455666097992502,0.0791505791505791,0.102562317226013,0,MA_Cross,
2026-03-05 09:59:50.926888,LPPF.JK,1840.0,1774.2857142857142,1872.857142857143,35.8974358974359,3.4140455130175424,0.0178571428571428,0.0419634052810342,0,MA_Cross,
2026-03-05 09:59:51.115418,MAIN.JK,815.0,746.4285714285714,849.2857142857143,60.3448275862069,2.373977185918289,0.0420683610867659,-0.0303651266766021,0,MA_Cross,
2026-03-05 09:59:51.308971,MBMA.JK,710.0,567.1428571428571,781.4285714285714,52.252252252252255,0.956413565048403,0.1006036217303823,0.0801418439716312,0,MA_Cross,
2026-03-05 09:59:51.458891,MDKA.JK,3430.0,3011.428571428572,3639.285714285714,59.88372093023256,1.2683573777468875,0.0610162432319866,0.1240297220195051,0,MA_Cross,
2026-03-05 09:59:51.549308,MEDC.JK,1820.0,1577.142857142857,1941.4285714285716,66.66666666666666,3.2148392327704887,0.0667189952904238,0.0859267057043225,0,MA_Cross,
2026-03-05 09:59:51.585971,MEGA.JK,4000.0,3156.428571428572,4421.785714285715,61.0062893081761,0.5564399165163253,0.1054464285714285,0.0836192109777015,0,MA_Cross,
2026-03-05 09:59:52.014545,MPMX.JK,1005.0,980.0,1017.5,47.05882352941176,2.493778731648542,0.0124378109452736,0.0168134507606084,0,MA_Cross,
2026-03-05 09:59:52.205256,MTFN.JK,30.0,24.42857142857143,32.785714285714285,62.50000000000001,0.6290545032173015,0.0928571428571428,-0.0356885364095168,0,MA_Cross,
2026-03-05 09:59:52.465173,NFCX.JK,1865.0,1582.857142857143,2006.071428571429,74.14965986394557,0.1901414537178416,0.0756415166602834,0.0595074384298037,0,MA_Cross,
2026-03-05 09:59:52.584053,NISP.JK,1480.0,1425.7142857142858,1507.142857142857,25.71428571428572,1.066414426395321,0.0183397683397683,0.0471562521387996,0,MA_Cross,
2026-03-05 09:59:52.853551,PANS.JK,1680.0,1590.7142857142858,1724.642857142857,70.6896551724138,1.2119518978018768,0.0265731292517006,0.0484896661367249,0,MA_Cross,
2026-03-05 09:59:52.967609,PGAS.JK,2340.0,2171.428571428572,2424.285714285714,60.3448275862069,1.5125086270277135,0.036019536019536,0.0710208353153839,0,MA_Cross,
2026-03-05 09:59:53.230601,POWR.JK,730.0,692.1428571428571,748.9285714285714,68.75,0.7982429898359005,0.0259295499021526,0.0051437429537767,0,MA_Cross,
2026-03-05 09:59:53.436964,PSSI.JK,368.0,339.1428571428572,382.4285714285714,56.81818181818182,2.158122376288004,0.0392080745341614,-0.0133531157270028,0,MA_Cross,
2026-03-05 09:59:53.473085,PTBA.JK,2860.0,2712.8571428571427,2933.5714285714284,71.875,3.675103652255388,0.0257242757242757,0.0535929345644319,0,MA_Cross,
2026-03-05 09:59:53.751476,RALS.JK,510.0,478.2857142857143,525.8571428571429,64.65517241379311,2.0482798441401515,0.0310924369747899,0.0675487767783427,0,MA_Cross,
2026-03-05 09:59:53.785273,RDTX.JK,16150.0,14757.142857142857,16846.428571428572,57.55813953488372,0.0235478806907378,0.0431225121627598,0.0600401077187474,0,MA_Cross,
2026-03-05 09:59:54.381110,SILO.JK,2700.0,2535.714285714286,2782.1428571428573,44.23076923076923,1.5384048976500535,0.0304232804232804,0.0393790230973116,0,MA_Cross,
2026-03-05 09:59:54.575976,SMDR.JK,400.0,359.1428571428572,420.4285714285714,58.97435897435897,2.1569381863160024,0.0510714285714285,0.0034602076124566,0,MA_Cross,
2026-03-05 09:59:54.691062,SMSM.JK,1795.0,1734.2857142857142,1825.357142857143,55.55555555555556,1.7468449256012617,0.0169120573020294,0.0169323835368611,0,MA_Cross,
2026-03-05 09:59:54.733438,SOCI.JK,645.0,477.1428571428571,728.9285714285714,57.407407407407405,1.247260320000062,0.1301218161683278,0.0473593073593074,0,MA_Cross,
2026-03-05 09:59:54.842476,SPTO.JK,645.0,625.0,655.0,55.55555555555556,2.29512493774644,0.0155038759689922,0.0036468032278088,0,MA_Cross,
2026-03-05 09:59:55.034400,TAPG.JK,1570.0,1439.2857142857142,1635.357142857143,56.589147286821714,1.7973814441802982,0.0416287534121929,0.0049652432969215,0,MA_Cross,
2026-03-05 09:59:55.244056,TCPI.JK,11625.0,10785.714285714286,12044.642857142857,57.66423357664234,0.3321167656551144,0.0360983102918586,0.1039273181752631,0,MA_Cross,
2026-03-05 09:59:55.375867,TINS.JK,3890.0,3250.0,4210.0,60.23166023166024,1.7030843187456888,0.0822622107969151,0.0716257245376759,0,MA_Cross,
2026-03-05 09:59:55.412269,TKIM.JK,9375.0,7957.142857142857,10083.92857142857,67.6,1.7154985456896243,0.0756190476190476,0.0438770292726575,0,MA_Cross,
2026-03-05 09:59:55.970612,TUGU.JK,1255.0,1095.7142857142858,1334.642857142857,47.61904761904762,2.554063968525437,0.0634604439385315,0.0812439729990356,0,MA_Cross,
2026-03-05 09:59:56.017969,ULTJ.JK,1525.0,1372.857142857143,1601.071428571429,50.0,1.2009429543186494,0.0498829039812646,0.0414598636754682,0,MA_Cross,
2026-03-05 09:59:56.720040,YULE.JK,3330.0,2937.1428571428573,3526.428571428572,66.66666666666666,0.7621951219512195,0.0589875589875589,0.02855550049554,0,MA_Cross,
2026-03-05 10:18:29.516473,AADI.JK,10275.0,9292.857142857143,10766.07142857143,74.10071942446044,0.06726259606834264,0.04779283976364268,0.12094531974050046,0,MA_Cross,
2026-03-05 10:18:29.602025,ABMM.JK,3030.0,2871.4285714285716,3109.285714285714,67.44186046511628,0.161794333535271,0.02616690240452617,0.004661518124260799,0,MA_Cross,
2026-03-05 10:18:29.881222,ADMR.JK,2040.0,1811.4285714285713,2154.285714285714,56.86274509803922,0.07913443995237529,0.056022408963585436,0.05104906220197091,0,MA_Cross,
2026-03-05 10:18:29.910528,ADRO.JK,2440.0,2267.1428571428573,2526.4285714285716,71.15384615384616,0.06126826232463204,0.035421545667447304,0.06183744508665434,0,MA_Cross,
2026-03-05 10:18:30.411648,AMAN.JK,310.0,239.71428571428572,345.14285714285717,52.83018867924528,0.016946446347493222,0.11336405529953918,0.15887922407820812,0,MA_Cross,
2026-03-05 10:18:30.665286,ANTM.JK,4190.0,3755.714285714286,4407.142857142857,55.68181818181818,0.09346388759097678,0.051824070917149676,0.059123343527013254,0,MA_Cross,
2026-03-05 10:18:30.701363,APEX.JK,244.0,203.0,264.5,58.22784810126581,0.13287241689637022,0.08401639344262295,-0.03645376381821373,0,MA_Cross,
2026-03-05 10:18:31.103891,ASGR.JK,1620.0,1452.142857142857,1703.9285714285713,34.862385321100916,0.005832182343859142,0.05180776014109348,0.14761063150023798,0,MA_Cross,
2026-03-05 10:18:31.413640,AUTO.JK,2780.0,2617.1428571428573,2861.4285714285716,62.295081967213115,0.037943197627847494,0.02929085303186023,0.00858927641853198,0,MA_Cross,
2026-03-05 10:18:32.301333,BBTN.JK,1295.0,1205.0,1340.0,42.857142857142854,0.05274771098394917,0.03474903474903475,0.07331413486921054,0,MA_Cross,
2026-03-05 10:18:32.494558,BDMN.JK,2670.0,2495.714285714286,2757.1428571428573,52.112676056338024,0.022218424200991283,0.032637774210807914,0.04496028379733165,0,MA_Cross,
2026-03-05 10:18:32.596888,BELL.JK,173.0,98.28571428571429,210.35714285714286,58.92116182572614,0.06903662575691047,0.21593724194880262,0.25465709948944387,0,MA_Cross,
2026-03-05 10:18:32.714147,BFIN.JK,760.0,714.2857142857143,782.8571428571429,65.625,0.010416800982918657,0.030075187969924814,0.01780024934201416,0,MA_Cross,
2026-03-05 10:18:32.800041,BINA.JK,4650.0,4478.571428571428,4735.714285714285,41.66666666666667,3.4446564885496183,0.018433179723502304,0.010764518077487193,0,MA_Cross,
2026-03-05 10:18:32.860779,BIPI.JK,282.0,210.14285714285714,317.92857142857144,68.19672131147541,0.12116589141893748,0.1274062816616008,0.19795589026358248,0,MA_Cross,
2026-03-05 10:18:33.112167,BJTM.JK,570.0,544.2857142857143,582.8571428571429,44.444444444444436,0.08737781836438277,0.02255639097744361,0.026231832683445505,0,MA_Cross,
2026-03-05 10:18:33.282841,BMRI.JK,5075.0,4781.428571428572,5221.785714285715,51.865671641791046,0.08810182604813326,0.028923293455313158,0.028364671048952066,0,MA_Cross,
2026-03-05 10:18:33.841327,BSSR.JK,3970.0,3901.4285714285716,4004.285714285714,62.5,0.08647815570349124,0.008636200071968334,0.005061475279024547,0,MA_Cross,
2026-03-05 10:18:34.068079,BUKK.JK,1660.0,1422.857142857143,1778.5714285714287,55.33980582524272,0.00725242049534032,0.07142857142857142,-0.011440441495628477,0,MA_Cross,
2026-03-05 10:18:35.222934,DGNS.JK,302.0,258.0,324.0,48.64864864864865,0.004223517955817309,0.0728476821192053,0.14862330257333636,0,MA_Cross,
2026-03-05 10:18:36.079244,ECII.JK,234.0,178.28571428571428,261.85714285714283,54.929577464788736,0.006336673816546956,0.11904761904761905,0.0833787961447536,0,MA_Cross,
2026-03-05 10:18:36.180829,ELSA.JK,895.0,757.1428571428571,963.9285714285714,62.13592233009709,0.16716922639759257,0.07701516360734238,0.2274640798023245,0,MA_Cross,
2026-03-05 10:18:36.600015,ESSA.JK,755.0,676.4285714285714,794.2857142857143,75.92592592592592,0.2286183612450111,0.05203405865657521,0.0033225158399010617,0,MA_Cross,
2026-03-05 10:18:37.821358,HRTA.JK,3060.0,2697.1428571428573,3241.4285714285716,71.900826446281,0.061978769952993513,0.05929038281979458,0.1177408149086599,0,MA_Cross,
2026-03-05 10:18:37.866958,HRUM.JK,1135.0,989.2857142857142,1207.857142857143,50.0,0.10861856717166375,0.06419131529263689,0.009389671361502266,0,MA_Cross,
2026-03-05 10:18:38.191880,ICON.JK,95.0,63.285714285714285,110.85714285714286,54.90196078431373,0.08595712044273118,0.16691729323308271,0.09322789039875255,0,MA_Cross,
2026-03-05 10:18:38.295051,IFSH.JK,3250.0,2407.142857142857,3671.4285714285716,75.45731707317073,2.129409903496282,0.12967032967032968,0.09220039669844514,0,MA_Cross,
2026-03-05 10:18:38.378234,IKBI.JK,550.0,475.7142857142857,587.1428571428571,51.11111111111111,0.0012434253882595775,0.06753246753246754,0.03945441230318556,0,MA_Cross,
2026-03-05 10:18:38.583093,INCO.JK,6700.0,5778.571428571428,7160.714285714285,48.07692307692307,0.08748453749775456,0.06876332622601279,0.09894507675807207,0,MA_Cross,
2026-03-05 10:18:38.713626,INDY.JK,3900.0,3344.285714285714,4177.857142857143,56.77083333333334,0.06700158164103133,0.07124542124542124,0.1435409673007585,0,MA_Cross,
2026-03-05 10:18:38.747804,INKP.JK,10000.0,8571.42857142857,10714.285714285714,55.06072874493927,0.06607084271951434,0.07142857142857144,0.048257023933402705,0,MA_Cross,
2026-03-05 10:18:39.053010,ISSP.JK,520.0,462.7142857142857,548.6428571428571,60.08064516129033,0.060332521968728084,0.05508241758241758,0.06704832968823703,0,MA_Cross,
2026-03-05 10:18:39.153507,JAYA.JK,131.0,84.0,154.5,52.19512195121951,0.017586629426213904,0.17938931297709923,0.06502064147348374,0,MA_Cross,
2026-03-05 10:18:39.297475,JRPT.JK,1090.0,1057.857142857143,1106.0714285714287,54.54545454545455,0.9511069493679353,0.014744429882044562,0.012048192771084338,0,MA_Cross,
2026-03-05 10:18:39.796433,KKGI.JK,344.0,323.7142857142857,354.14285714285717,69.56521739130434,0.10108445886230595,0.029485049833887042,-0.022405243896940836,0,MA_Cross,
2026-03-05 10:18:40.516101,LPPF.JK,1895.0,1825.7142857142858,1929.642857142857,53.19148936170213,0.13053469677165824,0.018281191104410104,0.04020979020979016,0,MA_Cross,
2026-03-05 10:18:40.846702,MAIN.JK,845.0,770.7142857142857,882.1428571428571,62.903225806451616,0.08833767708843904,0.04395604395604396,-0.02702032721864149,0,MA_Cross,
2026-03-05 10:18:41.131250,MBMA.JK,765.0,619.2857142857142,837.8571428571429,53.09734513274336,0.13853322508532612,0.09523809523809525,0.0810906016626743,0,MA_Cross,
2026-03-05 10:18:41.350268,MDKA.JK,3550.0,3125.714285714286,3762.1428571428573,61.016949152542374,0.054610882762273105,0.05975855130784708,0.1247285648483253,0,MA_Cross,
2026-03-05 10:18:41.503417,MEDC.JK,1850.0,1607.857142857143,1971.0714285714287,66.66666666666666,0.1788158133925984,0.06544401544401544,0.09031268359553489,0,MA_Cross,
2026-03-05 10:18:41.555864,MEGA.JK,4140.0,3286.4285714285716,4566.785714285715,62.42424242424242,0.0021241193755089038,0.10308833678398896,0.09069185252617211,0,MA_Cross,
2026-03-05 10:18:42.187257,MPMX.JK,1010.0,984.2857142857143,1022.8571428571429,50.0,0.030572912114471832,0.01272984441301273,0.015445366390083022,0,MA_Cross,
2026-03-05 10:18:42.317275,MSIN.JK,500.0,386.57142857142856,556.7142857142857,53.731343283582085,0.13515918538856003,0.11342857142857143,0.049966465459423126,0,MA_Cross,
2026-03-05 10:18:42.434338,MTFN.JK,30.0,24.42857142857143,32.785714285714285,62.50000000000001,0.6290545032173015,0.09285714285714285,-0.035688536409516886,0,MA_Cross,
2026-03-05 10:18:42.698859,NFCX.JK,1945.0,1655.7142857142858,2089.6428571428573,75.64102564102564,0.0035315930427617056,0.07436650752846126,0.07695427038492726,0,MA_Cross,
2026-03-05 10:18:42.900240,NISP.JK,1505.0,1452.857142857143,1531.0714285714287,39.99999999999999,0.044485569231404606,0.017323208353108688,0.04666256746601076,0,MA_Cross,
2026-03-05 10:18:43.231454,PANS.JK,1700.0,1610.0,1745.0,72.58064516129032,0.06249840565291702,0.026470588235294117,0.05079586530534587,0,MA_Cross,
2026-03-05 10:18:43.385570,PGAS.JK,2380.0,2211.4285714285716,2464.285714285714,62.295081967213115,0.038888941309734706,0.03541416566626651,0.07044852384557158,0,MA_Cross,
2026-03-05 10:18:43.721948,POWR.JK,730.0,692.1428571428571,748.9285714285714,68.75,0.042374935988182795,0.02592954990215264,0.006264958468252915,0,MA_Cross,
2026-03-05 10:18:43.795043,PPRE.JK,198.0,145.57142857142856,224.21428571428572,47.39583333333333,0.020225279636615703,0.1323953823953824,0.11337088026700047,0,MA_Cross,
2026-03-05 10:18:43.986035,PSSI.JK,376.0,346.85714285714283,390.57142857142856,63.04347826086957,0.23572678733633162,0.03875379939209726,-0.010325131810193452,0,MA_Cross,
2026-03-05 10:18:44.033607,PTBA.JK,2910.0,2758.5714285714284,2985.714285714286,77.27272727272728,0.22594148672821388,0.026018654884634264,0.056079245885924306,0,MA_Cross,
2026-03-05 10:18:44.299728,RALS.JK,520.0,488.0,536.0,66.93548387096774,0.038773886666955186,0.03076923076923077,0.06975989617131732,0,MA_Cross,
2026-03-05 10:18:44.334627,RDTX.JK,16150.0,14757.142857142857,16846.428571428572,57.558139534883715,0.023547880690737835,0.04312251216275984,0.060040107718747425,0,MA_Cross,
2026-03-05 10:18:44.971559,SILO.JK,2740.0,2582.8571428571427,2818.5714285714284,50.0,0.03546597373411054,0.02867570385818561,0.034847683120417194,0,MA_Cross,
2026-03-05 10:18:45.012121,SIMP.JK,585.0,543.5714285714286,605.7142857142857,52.0,0.06334602242667971,0.03540903540903541,0.007898351648351688,0,MA_Cross,
2026-03-05 10:18:45.055304,SKBM.JK,655.0,348.57142857142856,808.2142857142858,50.50847457627118,0.1496513529245536,0.23391494002181026,0.14115555275828437,0,MA_Cross,
2026-03-05 10:18:45.197536,SMDR.JK,412.0,371.14285714285717,432.42857142857144,58.97435897435897,0.11132781998791409,0.04958391123439667,0.003599675522206345,0,MA_Cross,
2026-03-05 10:18:45.316295,SMSM.JK,1800.0,1740.0,1830.0,55.55555555555556,0.013476202997633448,0.016666666666666666,0.017085569048291442,0,MA_Cross,
2026-03-05 10:18:45.400385,SOCI.JK,680.0,518.5714285714286,760.7142857142857,54.0,0.1208202450567452,0.11869747899159663,0.05596720524167267,0,MA_Cross,
2026-03-05 10:18:45.532978,SPTO.JK,650.0,630.7142857142857,659.6428571428571,50.0,0.0031594724451619615,0.014835164835164835,0.0039553280595625165,0,MA_Cross,
2026-03-05 10:18:45.794572,TAPG.JK,1630.0,1493.5714285714287,1698.2142857142858,59.42028985507247,0.07460026368050102,0.041849255039439086,0.006244630939007498,0,MA_Cross,
2026-03-05 10:18:46.082969,TCPI.JK,11575.0,10778.57142857143,11973.214285714286,50.81967213114754,0.0038904324539875313,0.03440296204875039,0.10014323227500596,0,MA_Cross,
2026-03-05 10:18:46.216901,TINS.JK,3970.0,3385.714285714286,4262.142857142857,53.6036036036036,0.09046353648868735,0.07358762144656351,0.07864179186616042,0,MA_Cross,
2026-03-05 10:18:46.253925,TKIM.JK,9925.0,8439.285714285714,10667.857142857143,69.88847583643123,0.2881159696427374,0.07484706729039223,0.05615482233502538,0,MA_Cross,
2026-03-05 10:18:46.523108,TOTL.JK,1055.0,1003.5714285714286,1080.7142857142858,41.66666666666667,0.018292042579598072,0.024373730534867976,0.01743908265647396,0,MA_Cross,
2026-03-05 10:18:46.835178,TUGU.JK,1300.0,1143.5714285714287,1378.2142857142858,46.07843137254902,0.11560683947035195,0.06016483516483516,0.08345358345358338,0,MA_Cross,
2026-03-05 10:18:46.884326,ULTJ.JK,1555.0,1404.2857142857142,1630.357142857143,50.515463917525764,0.052146675952586374,0.048461185117133675,0.04151517154756393,0,MA_Cross,
2026-03-05 10:18:46.917606,UNTR.JK,29175.0,27050.0,30237.5,54.75409836065574,0.02844277519241709,0.03641816623821765,0.0007050245898820374,0,MA_Cross,
2026-03-05 10:18:47.657162,YULE.JK,3330.0,2937.1428571428573,3526.4285714285716,66.66666666666666,0.7621951219512195,0.05898755898755898,0.028555500495540082,0,MA_Cross,
2026-03-05 11:23:14.865928,AADI.JK,10175.0,9182.142857142857,10671.42857142857,72.02797202797203,0.23658801822527065,0.04878904878904879,0.12060441258265868,0,MA_Cross,
2026-03-05 11:23:14.951384,ABMM.JK,3010.0,2851.4285714285716,3089.285714285714,65.85365853658536,0.4056641581689451,0.026340768865685812,0.004453413123651862,0,MA_Cross,
2026-03-05 11:23:15.155211,ADMR.JK,2030.0,1798.5714285714287,2145.714285714286,56.29139072847683,0.25024262691739163,0.0570021111893033,0.05089550657058073,0,MA_Cross,
2026-03-05 11:23:15.181907,ADRO.JK,2420.0,2244.285714285714,2507.8571428571427,70.0,0.28977305463851083,0.03630460448642267,0.061569071737776794,0,MA_Cross,
2026-03-05 11:23:15.373229,AKKU.JK,39.0,34.142857142857146,41.42857142857143,52.0,0.08216133358881011,0.062271062271062265,-0.0015932023366966323,0,MA_Cross,
2026-03-05 11:23:15.589515,AMAN.JK,302.0,231.42857142857144,337.2857142857143,50.98039215686275,0.059382170049046085,0.11684011352885525,0.1580528383270429,0,MA_Cross,
2026-03-05 11:23:15.741968,ANTM.JK,4190.0,3754.285714285714,4407.857142857143,55.68181818181818,0.2575950597604426,0.0519945448346403,0.059123343527013254,0,MA_Cross,
2026-03-05 11:23:15.768692,APEX.JK,242.0,200.71428571428572,262.64285714285717,57.69230769230769,0.5154201170843528,0.08530106257378985,-0.03672341172341162,0,MA_Cross,
2026-03-05 11:23:16.017462,ASGR.JK,1630.0,1460.7142857142858,1714.642857142857,36.036036036036045,0.1031187575359476,0.051928133216476775,0.1477944674777408,0,MA_Cross,
2026-03-05 11:23:16.079978,ASJT.JK,198.0,178.42857142857142,207.78571428571428,51.16279069767442,0.17222589940563343,0.049422799422799424,0.009105875090029891,0,MA_Cross,
2026-03-05 11:23:16.228437,AUTO.JK,2780.0,2617.1428571428573,2861.4285714285716,62.295081967213115,0.09016286910583816,0.02929085303186023,0.00858927641853198,0,MA_Cross,
2026-03-05 11:23:16.388549,BAJA.JK,159.0,135.14285714285714,170.92857142857142,57.971014492753625,0.022056887590080156,0.07502246181491465,-0.028057372924006087,0,MA_Cross,
2026-03-05 11:23:16.756029,BBTN.JK,1295.0,1205.0,1340.0,42.857142857142854,0.22297694889498634,0.03474903474903475,0.07331413486921054,0,MA_Cross,
2026-03-05 11:23:16.868714,BDMN.JK,2690.0,2512.8571428571427,2778.5714285714284,53.424657534246585,0.23840976180570864,0.03292618162506638,0.04518467113886954,0,MA_Cross,
2026-03-05 11:23:16.958392,BELL.JK,170.0,95.28571428571429,207.35714285714286,58.403361344537814,0.154083033250685,0.21974789915966383,0.25414135836554386,0,MA_Cross,
2026-03-05 11:23:17.043580,BFIN.JK,760.0,714.2857142857143,782.8571428571429,65.625,0.09496880840971497,0.030075187969924814,0.01780024934201416,0,MA_Cross,
2026-03-05 11:23:17.128489,BIPI.JK,284.0,212.14285714285714,319.92857142857144,68.40390879478826,0.35860927033203754,0.12650905432595574,0.19823599010433482,0,MA_Cross,
2026-03-05 11:23:17.253940,BJTM.JK,580.0,553.5714285714286,593.2142857142857,50.0,0.4607610313541155,0.022783251231527094,0.026754075124025556,0,MA_Cross,
2026-03-05 11:23:17.377772,BMRI.JK,5075.0,4781.428571428572,5221.785714285715,51.865671641791046,0.2635775327873864,0.028923293455313158,0.028364671048952066,0,MA_Cross,
2026-03-05 11:23:17.735319,BSSR.JK,3970.0,3901.4285714285716,4004.285714285714,62.5,0.15740977732275402,0.008636200071968334,0.005061475279024547,0,MA_Cross,
2026-03-05 11:23:17.880803,BUKK.JK,1740.0,1471.4285714285716,1874.2857142857142,61.34453781512605,0.45933014354066987,0.07717569786535303,-0.009942389890354925,0,MA_Cross,
2026-03-05 11:23:18.156331,CFIN.JK,330.0,312.2857142857143,338.85714285714283,53.125,0.17387571493761939,0.02683982683982684,-0.00036549707602340567,0,MA_Cross,
2026-03-05 11:23:18.792769,DGNS.JK,306.0,260.85714285714283,328.57142857142856,51.28205128205128,0.042129093534914584,0.07376283846872082,0.14902872571814277,0,MA_Cross,
2026-03-05 11:23:19.343934,ECII.JK,236.0,180.0,264.0,55.55555555555556,0.013428983166262847,0.11864406779661017,0.08363636363636366,0,MA_Cross,
2026-03-05 11:23:19.405082,ELSA.JK,880.0,742.1428571428571,948.9285714285714,61.0,0.4079301899829136,0.07832792207792208,0.22688152353048882,0,MA_Cross,
2026-03-05 11:23:19.621235,ESSA.JK,745.0,665.7142857142857,784.6428571428571,75.0,0.43441051824410676,0.053211888782358586,0.0028597928582470597,0,MA_Cross,
2026-03-05 11:23:20.576808,HRTA.JK,3190.0,2808.5714285714284,3380.714285714286,74.6268656716418,0.3826773642433367,0.059785042543663236,0.11920800163298632,0,MA_Cross,
2026-03-05 11:23:20.608190,HRUM.JK,1130.0,984.2857142857142,1202.857142857143,49.54128440366973,0.246811362577776,0.06447534766118837,0.009257618710134696,0,MA_Cross,
2026-03-05 11:23:20.730932,ICON.JK,97.0,65.0,113.0,55.99999999999999,0.27998019376848304,0.16494845360824742,0.09385437541750176,0,MA_Cross,
2026-03-05 11:23:20.786167,IFSH.JK,3250.0,2407.142857142857,3671.4285714285716,75.45731707317073,2.129409903496282,0.12967032967032968,0.09220039669844514,0,MA_Cross,
2026-03-05 11:23:20.858434,IKBI.JK,555.0,475.7142857142857,594.6428571428571,52.17391304347826,0.008452244816785163,0.07142857142857144,0.0397217645982062,0,MA_Cross,
2026-03-05 11:23:21.035804,INCO.JK,6625.0,5700.0,7087.5,47.05882352941176,0.25929147387666,0.06981132075471698,0.09860857591187121,0,MA_Cross,
2026-03-05 11:23:21.136543,INDY.JK,3880.0,3312.857142857143,4163.571428571428,56.18556701030928,0.21395243287522625,0.07308541973490426,0.14337229544889324,0,MA_Cross,
2026-03-05 11:23:21.164729,INKP.JK,10100.0,8657.142857142857,10821.42857142857,55.776892430278885,0.21298718404510447,0.07142857142857142,0.04855909280066584,0,MA_Cross,
2026-03-05 11:23:21.401954,ISSP.JK,510.0,452.7142857142857,538.6428571428571,58.403361344537814,0.267596433354019,0.0561624649859944,0.06643356643356636,0,MA_Cross,
2026-03-05 11:23:21.487951,JAYA.JK,128.0,80.14285714285714,151.92857142857142,51.485148514851495,0.10303197889524666,0.18694196428571427,0.06433677521842728,0,MA_Cross,
2026-03-05 11:23:21.617467,JRPT.JK,1105.0,1071.4285714285713,1121.7857142857142,60.0,0.05838232312994121,0.015190691661279896,0.013106706187476929,0,MA_Cross,
2026-03-05 11:23:22.007355,KKGI.JK,340.0,319.42857142857144,350.2857142857143,65.21739130434783,0.3426497218025265,0.030252100840336138,-0.022768108032754083,0,MA_Cross,
2026-03-05 11:23:22.451768,LPPF.JK,1895.0,1824.2857142857142,1930.357142857143,53.19148936170213,0.4108082249237357,0.01865812287975876,0.04020979020979016,0,MA_Cross,
2026-03-05 11:23:22.598888,MAIN.JK,820.0,745.7142857142857,857.1428571428571,59.64912280701755,0.8821039524432304,0.04529616724738676,-0.027967257844474708,0,MA_Cross,
2026-03-05 11:23:22.778477,MBMA.JK,765.0,618.5714285714286,838.2142857142857,53.09734513274336,0.4096080637031199,0.09570494864612511,0.0810906016626743,0,MA_Cross,
2026-03-05 11:23:22.911971,MDKA.JK,3620.0,3188.5714285714284,3835.714285714286,62.5,0.22393286502616339,0.059589581689029204,0.12536174690870816,0,MA_Cross,
2026-03-05 11:23:22.989908,MEDC.JK,1830.0,1586.4285714285713,1951.7857142857142,65.82278481012659,0.4637715492093868,0.06654957064793131,0.08994449885732941,0,MA_Cross,
2026-03-05 11:23:23.017586,MEGA.JK,4060.0,3206.4285714285716,4486.785714285715,61.49068322981366,0.030402658465019265,0.10511963406052076,0.09005009107468126,0,MA_Cross,
2026-03-05 11:23:23.395670,MPMX.JK,1010.0,984.2857142857143,1022.8571428571429,50.0,0.36931374835393943,0.01272984441301273,0.015445366390083022,0,MA_Cross,
2026-03-05 11:23:23.482919,MSIN.JK,500.0,385.1428571428571,557.4285714285714,53.731343283582085,0.3122723719410737,0.11485714285714287,0.049966465459423126,0,MA_Cross,
2026-03-05 11:23:23.573016,MTFN.JK,30.0,24.714285714285715,32.642857142857146,60.0,0.27995863770144264,0.08809523809523809,-0.03433476394849788,0,MA_Cross,
2026-03-05 11:23:23.783397,NFCX.JK,1935.0,1645.7142857142858,2079.6428571428573,75.32467532467533,0.0035315930427617056,0.07475083056478406,0.07677668933674421,0,MA_Cross,
2026-03-05 11:23:23.887669,NISP.JK,1505.0,1450.7142857142858,1532.142857142857,39.99999999999999,0.17699512677324794,0.018035121025154248,0.04666256746601076,0,MA_Cross,
2026-03-05 11:23:24.124910,PANS.JK,1715.0,1619.2857142857142,1762.857142857143,73.84615384615384,0.12157436256120048,0.027905039566847145,0.05107151914785693,0,MA_Cross,
2026-03-05 11:23:24.180649,PCAR.JK,44.0,41.285714285714285,45.357142857142854,47.05882352941176,0.02138334046723701,0.030844155844155844,0.010124252185918033,0,MA_Cross,
2026-03-05 11:23:24.235758,PGAS.JK,2400.0,2230.0,2485.0,63.492063492063494,0.28713485325870225,0.035416666666666666,0.0707190160832545,0,MA_Cross,
2026-03-05 11:23:24.482327,POWR.JK,735.0,696.4285714285714,754.2857142857143,70.58823529411765,0.10016479904245565,0.026239067055393583,0.006475225225225257,0,MA_Cross,
2026-03-05 11:23:24.547233,PPRE.JK,204.0,151.28571428571428,230.35714285714286,48.98989898989899,0.13359930022874789,0.12920168067226892,0.11423806545757774,0,MA_Cross,
2026-03-05 11:23:24.595878,PRDA.JK,2480.0,2402.8571428571427,2518.5714285714284,61.764705882352935,1.5903777086798274,0.015552995391705068,0.008661812703991889,0,MA_Cross,
2026-03-05 11:23:24.750700,PSSI.JK,374.0,344.85714285714283,388.57142857142856,62.22222222222223,0.4623252044984177,0.03896103896103896,-0.010491046907612857,0,MA_Cross,
2026-03-05 11:23:24.788285,PTBA.JK,2910.0,2758.5714285714284,2985.714285714286,77.27272727272728,0.6769129376521251,0.026018654884634264,0.056079245885924306,0,MA_Cross,
2026-03-05 11:23:25.061240,RALS.JK,515.0,483.0,531.0,65.54621848739495,0.10736630318041993,0.031067961165048542,0.06945045434876682,0,MA_Cross,
2026-03-05 11:23:25.100700,RDTX.JK,16150.0,14757.142857142857,16846.428571428572,57.558139534883715,0.023547880690737835,0.04312251216275984,0.060040107718747425,0,MA_Cross,
2026-03-05 11:23:25.645894,SILO.JK,2750.0,2591.4285714285716,2829.285714285714,50.909090909090914,0.11448757483371903,0.028831168831168832,0.034958427815570674,0,MA_Cross,
2026-03-05 11:23:25.692443,SIMP.JK,595.0,552.8571428571429,616.0714285714286,55.55555555555556,0.2619264451784721,0.03541416566626651,0.00841057329213865,0,MA_Cross,
2026-03-05 11:23:25.744121,SKBM.JK,710.0,400.7142857142857,864.6428571428571,52.287581699346404,0.41058863909387333,0.21780684104627765,0.1435033928122644,0,MA_Cross,
2026-03-05 11:23:25.878793,SMDR.JK,408.0,367.14285714285717,428.42857142857144,57.89473684210526,0.26258581303156997,0.05007002801120448,0.0032961460446247755,0,MA_Cross,
2026-03-05 11:23:25.977281,SMSM.JK,1800.0,1740.0,1830.0,55.55555555555556,0.5398918296156431,0.016666666666666666,0.017085569048291442,0,MA_Cross,
2026-03-05 11:23:26.010035,SOCI.JK,670.0,508.57142857142856,750.7142857142857,53.06122448979592,0.24259146807137097,0.12046908315565032,0.05547167221440569,0,MA_Cross,
2026-03-05 11:23:26.113035,SPTO.JK,645.0,625.7142857142857,654.6428571428571,42.857142857142854,0.22541092915329924,0.01495016611295681,0.0037232392181197286,0,MA_Cross,
2026-03-05 11:23:26.304195,TAPG.JK,1665.0,1522.857142857143,1736.0714285714287,61.37931034482759,0.5949126850181216,0.042685542685542685,0.006935270805812417,0,MA_Cross,
2026-03-05 11:23:26.499214,TCPI.JK,11575.0,10753.57142857143,11985.714285714286,50.81967213114754,0.1930454814040917,0.035482875655661834,0.10014323227500596,0,MA_Cross,
2026-03-05 11:23:26.614029,TINS.JK,3950.0,3365.714285714286,4242.142857142857,53.18181818181818,0.35084480426154135,0.07396021699819169,0.07848533215917217,0,MA_Cross,
2026-03-05 11:23:26.645963,TKIM.JK,10125.0,8614.285714285714,10880.357142857143,70.7581227436823,0.7957388855109606,0.0746031746031746,0.056887366818873665,0,MA_Cross,
2026-03-05 11:23:26.809613,TOTL.JK,1055.0,1002.8571428571429,1081.0714285714287,41.66666666666667,0.09601156399185956,0.024712254570074477,0.01743908265647396,0,MA_Cross,
2026-03-05 11:23:27.012236,TUGU.JK,1305.0,1148.5714285714287,1383.2142857142858,46.60194174757281,0.2397206620110335,0.059934318555008206,0.08356713426853707,0,MA_Cross,
2026-03-05 11:23:27.042888,ULTJ.JK,1570.0,1415.0,1647.5,52.0,0.1833267646405835,0.04936305732484077,0.04180436219431593,0,MA_Cross,
2026-03-05 11:23:27.072956,UNTR.JK,29300.0,27175.0,30362.5,55.48387096774194,0.16054085519664213,0.036262798634812285,0.0008339208033150502,0,MA_Cross,
2026-03-06 07:36:40.468277,AADI.JK,10325.0,9332.142857142857,10821.42857142857,74.82014388489209,0.787307679496895,0.048080249048772054,0.12111571013776487,0,MA_Cross,
2026-03-06 07:36:40.545465,ABMM.JK,3050.0,2887.1428571428573,3131.4285714285716,68.88888888888889,1.052586253296733,0.026697892271662763,0.004869565217391304,0,MA_Cross,
2026-03-06 07:36:40.770934,ADMR.JK,2020.0,1788.5714285714287,2135.714285714286,55.70469798657719,0.4580830817520056,0.057284299858557285,0.050741918388977215,0,MA_Cross,
2026-03-06 07:36:40.800297,ADRO.JK,2430.0,2252.8571428571427,2518.5714285714284,70.58823529411765,0.8958715313353874,0.036449147560258674,0.06170327093123424,0,MA_Cross,
2026-03-06 07:36:41.011797,AKKU.JK,39.0,34.142857142857146,41.42857142857143,52.0,0.4808472284812979,0.062271062271062265,-0.0015932023366966323,0,MA_Cross,
2026-03-06 07:36:41.270935,AMAN.JK,300.0,229.42857142857144,335.2857142857143,50.495049504950494,0.1403596809913511,0.11761904761904761,0.157846082736307,0,MA_Cross,
2026-03-06 07:36:41.454159,ANTM.JK,4130.0,3694.285714285714,4347.857142857143,54.11764705882352,0.4742104120589989,0.05274991352473193,0.05868257367186699,0,MA_Cross,
2026-03-06 07:36:41.487303,APEX.JK,242.0,200.71428571428572,262.64285714285717,57.69230769230769,0.9322906403305334,0.08530106257378985,-0.03672341172341162,0,MA_Cross,
2026-03-06 07:36:41.756238,ASGR.JK,1675.0,1499.2857142857142,1762.857142857143,40.833333333333336,0.31207290307932706,0.052452025586353944,0.14862111126205674,0,MA_Cross,
2026-03-06 07:36:41.966471,AUTO.JK,2780.0,2617.1428571428573,2861.4285714285716,62.295081967213115,0.4236435550777966,0.02929085303186023,0.00858927641853198,0,MA_Cross,
2026-03-06 07:36:42.402277,BBTN.JK,1315.0,1221.4285714285713,1361.7857142857142,45.945945945945944,0.6476183510982243,0.035578489951113526,0.07377049180327869,0,MA_Cross,
2026-03-06 07:36:42.523216,BDMN.JK,2670.0,2492.8571428571427,2758.5714285714284,52.112676056338024,0.47286574130942144,0.03317281968967362,0.04496028379733165,0,MA_Cross,
2026-03-06 07:36:42.615171,BELL.JK,169.0,94.28571428571429,206.35714285714286,58.22784810126583,0.26633406911096963,0.2210481825866441,0.25396934971696805,0,MA_Cross,
2026-03-06 07:36:42.699931,BFIN.JK,760.0,714.2857142857143,782.8571428571429,65.625,0.2674572513745703,0.030075187969924814,0.01780024934201416,0,MA_Cross,
2026-03-06 07:36:42.781386,BIPI.JK,272.0,197.28571428571428,309.35714285714283,67.11864406779661,1.4994665530427447,0.1373424369747899,0.19655358104469575,0,MA_Cross,
2026-03-06 07:36:42.905449,BJTM.JK,575.0,548.5714285714286,588.2142857142857,47.368421052631575,0.7433591541275641,0.02298136645962733,0.026493000177210787,0,MA_Cross,
2026-03-06 07:36:43.054624,BMRI.JK,5125.0,4827.857142857143,5273.571428571428,53.597122302158276,0.7634555107708102,0.02898954703832753,0.028659531140009305,0,MA_Cross,
2026-03-06 07:36:43.423677,BSSR.JK,3960.0,3891.4285714285716,3994.285714285714,60.869565217391305,0.6608529347566237,0.008658008658008658,0.004984842248805761,0,MA_Cross,
2026-03-06 07:36:43.482040,BTON.JK,392.0,364.85714285714283,405.57142857142856,50.0,0.7577903682719547,0.03462099125364432,0.009017412935323283,0,MA_Cross,
2026-03-06 07:36:44.359492,DGNS.JK,328.0,280.0,352.0,62.0,0.41072623529471863,0.07317073170731707,0.15125421190565322,0,MA_Cross,
2026-03-06 07:36:44.807845,ECII.JK,226.0,170.0,254.0,52.23880597014925,0.055120972202468435,0.12389380530973451,0.08234758871701543,0,MA_Cross,
2026-03-06 07:36:44.884093,ELSA.JK,860.0,719.2857142857142,930.3571428571429,58.8235294117647,0.9860480864169244,0.08181063122923589,0.2261039516276798,0,MA_Cross,
2026-03-06 07:36:45.081910,ESSA.JK,785.0,700.0,827.5,78.33333333333333,2.385297056349209,0.054140127388535034,0.00470897020225406,0,MA_Cross,
2026-03-06 07:36:45.290298,GDYR.JK,1135.0,1032.857142857143,1186.0714285714287,56.09756097560975,1.254308664119161,0.04499685336689742,0.030809031044214487,0,MA_Cross,
2026-03-06 07:36:45.936453,HRTA.JK,2950.0,2554.285714285714,3147.8571428571427,67.5,1.3640636777338244,0.06707021791767555,0.11649691168650558,0,MA_Cross,
2026-03-06 07:36:46.081603,ICON.JK,113.0,78.71428571428572,130.14285714285714,62.06896551724138,3.0824296823722985,0.15170670037926676,0.09884623918349231,0,MA_Cross,
2026-03-06 07:36:46.108988,IDPR.JK,308.0,288.2857142857143,317.85714285714283,63.888888888888886,1.8108564914901144,0.03200371057513915,0.016167919444050497,0,MA_Cross,
2026-03-06 07:36:46.136050,IFSH.JK,3250.0,2463.5714285714284,3643.214285714286,72.09705372616985,0.0,0.12098901098901099,0.11719622688345532,0,MA_Cross,
2026-03-06 07:36:46.188525,IKBI.JK,565.0,485.7142857142857,604.6428571428571,54.166666666666664,0.018386920439298314,0.07016434892541087,0.04025617566331199,0,MA_Cross,
2026-03-06 07:36:46.340737,INCO.JK,6325.0,5371.428571428572,6801.785714285715,43.13725490196078,1.0466945832948884,0.0753811405985319,0.097260954578966,0,MA_Cross,
2026-03-06 07:36:46.445308,INDY.JK,3920.0,3352.857142857143,4203.571428571428,57.21649484536083,0.6191385982622764,0.0723396501457726,0.1437095972153158,0,MA_Cross,
2026-03-06 07:36:46.476966,INKP.JK,10050.0,8607.142857142857,10771.42857142857,55.421686746987945,0.5739690944776187,0.07178393745557925,0.04840807408178129,0,MA_Cross,
2026-03-06 07:36:46.704728,ISSP.JK,500.0,442.7142857142857,528.6428571428571,56.30252100840336,0.5392598987256961,0.05728571428571429,0.06581827546246612,0,MA_Cross,
2026-03-06 07:36:46.789233,JAYA.JK,133.0,83.85714285714286,157.57142857142858,52.65700483091788,0.5315160712302106,0.18474758324382384,0.06547619047619048,0,MA_Cross,
2026-03-06 07:36:46.904783,JRPT.JK,1110.0,1075.7142857142858,1127.142857142857,61.53846153846153,0.2219630865736459,0.015444015444015444,0.01324441974622576,0,MA_Cross,
2026-03-06 07:36:47.292809,KKGI.JK,344.0,322.85714285714283,354.57142857142856,69.56521739130434,1.1630417985986097,0.030730897009966777,-0.022405243896940836,0,MA_Cross,
2026-03-06 07:36:47.544955,LAND.JK,78.0,63.14285714285714,85.42857142857143,58.75,10.748048734087577,0.09523809523809525,0.07470210815765355,0,MA_Cross,
2026-03-06 07:36:47.792744,LPPF.JK,1920.0,1844.2857142857142,1957.857142857143,57.692307692307686,1.5417898081690828,0.019717261904761904,0.040608443934676886,0,MA_Cross,
2026-03-06 07:36:47.944559,MAIN.JK,830.0,755.0,867.5,61.01694915254238,1.8877180484983056,0.045180722891566265,-0.02758834469931804,0,MA_Cross,
2026-03-06 07:36:48.130464,MBMA.JK,725.0,578.5714285714286,798.2142857142857,49.52380952380953,0.846576310233091,0.10098522167487683,0.07948934969671326,0,MA_Cross,
2026-03-06 07:36:48.261284,MDKA.JK,3620.0,3188.5714285714284,3835.714285714286,62.5,0.45775027180384087,0.059589581689029204,0.12536174690870816,0,MA_Cross,
2026-03-06 07:36:48.344678,MEDC.JK,1820.0,1575.7142857142858,1942.142857142857,65.38461538461539,0.9919171110148277,0.06711145996860282,0.08976033435642922,0,MA_Cross,
2026-03-06 07:36:48.377281,MEGA.JK,4030.0,3176.4285714285716,4456.785714285715,61.12852664576802,0.14202348309076848,0.10590216235377525,0.08980927981781953,0,MA_Cross,
2026-03-06 07:36:48.963728,MPMX.JK,1015.0,989.2857142857143,1027.857142857143,52.631578947368425,0.8067231500879481,0.012667135819845179,0.015593762495002023,0,MA_Cross,
2026-03-06 07:36:49.070700,MSIN.JK,535.0,417.2857142857143,593.8571428571429,57.43707093821511,0.8182469397480251,0.11001335113484646,0.0522321428571428,0,MA_Cross,
2026-03-06 07:36:49.167421,MTFN.JK,29.0,23.42857142857143,31.785714285714285,58.064516129032256,0.9072467662724877,0.0960591133004926,-0.0354330708661418,0,MA_Cross,
2026-03-06 07:36:49.472025,NFCX.JK,1875.0,1585.7142857142858,2019.642857142857,73.2394366197183,0.19875269569272017,0.07714285714285714,0.07571027162035592,0,MA_Cross,
2026-03-06 07:36:49.905691,PANS.JK,1705.0,1609.2857142857142,1752.857142857143,73.01587301587301,0.3460198911143802,0.028068705488060324,0.050887761572606216,0,MA_Cross,
2026-03-06 07:36:49.972473,PCAR.JK,44.0,41.285714285714285,45.357142857142854,47.05882352941176,0.17760312336527298,0.030844155844155844,0.010124252185918033,0,MA_Cross,
2026-03-06 07:36:50.053756,PGAS.JK,2400.0,2227.1428571428573,2486.4285714285716,63.492063492063494,1.1555619759167055,0.036011904761904766,0.0707190160832545,0,MA_Cross,
2026-03-06 07:36:50.345526,POWR.JK,740.0,700.7142857142857,759.6428571428571,72.22222222222223,0.40488185236814894,0.026544401544401543,0.006685432793807178,0,MA_Cross,
2026-03-06 07:36:50.413190,PPRE.JK,199.0,146.28571428571428,225.35714285714286,47.66839378238342,0.26873306338340486,0.13244795405599427,0.11351548649494217,0,MA_Cross,
2026-03-06 07:36:50.454577,PRDA.JK,2580.0,2485.714285714286,2627.1428571428573,70.45454545454545,5.951772214762632,0.018272425249169437,0.009908855255456065,0,MA_Cross,
2026-03-06 07:36:50.589799,PSSI.JK,372.0,342.57142857142856,386.7142857142857,61.36363636363637,0.7359260618886178,0.03955453149001536,-0.010656998461876498,0,MA_Cross,
2026-03-06 07:36:50.627152,PTBA.JK,2970.0,2812.8571428571427,3048.5714285714284,79.16666666666667,2.408750832990274,0.026455026455026454,0.056770999680613145,0,MA_Cross,
2026-03-06 07:36:50.904130,RALS.JK,510.0,477.2857142857143,526.3571428571429,64.03508771929825,0.2983506189302898,0.032072829131652665,0.0691408785977061,0,MA_Cross,
2026-03-06 07:36:50.942426,RDTX.JK,16150.0,14942.857142857143,16753.571428571428,47.857142857142854,0.0,0.03737284387439186,0.054623425306906434,0,MA_Cross,
2026-03-06 07:36:51.549998,SILO.JK,2730.0,2571.4285714285716,2809.285714285714,49.05660377358491,0.38377936998999435,0.02904238618524333,0.03473692168128217,0,MA_Cross,
2026-03-06 07:36:51.578624,SIMP.JK,595.0,552.1428571428571,616.4285714285714,55.55555555555556,0.7619023857549453,0.03601440576230492,0.00841057329213865,0,MA_Cross,
2026-03-06 07:36:51.613324,SKBM.JK,710.0,400.7142857142857,864.6428571428571,52.287581699346404,0.45205668428338336,0.21780684104627765,0.1435033928122644,0,MA_Cross,
2026-03-06 07:36:51.758232,SMDR.JK,400.0,358.85714285714283,420.57142857142856,55.55555555555556,0.6692848496527338,0.051428571428571435,0.002688717532467538,0,MA_Cross,
2026-03-06 07:36:51.854256,SMSM.JK,1800.0,1740.0,1830.0,55.55555555555556,0.928379883011589,0.016666666666666666,0.017085569048291442,0,MA_Cross,
2026-03-06 07:36:51.886618,SOCI.JK,650.0,487.8571428571429,731.0714285714286,51.06382978723405,0.44410622705224256,0.12472527472527473,0.05447958517908042,0,MA_Cross,
2026-03-06 07:36:51.987594,SPTO.JK,650.0,630.0,660.0,50.0,0.9815015684090176,0.015384615384615385,0.0039553280595625165,0,MA_Cross,
2026-03-06 07:36:52.195245,TAPG.JK,1675.0,1531.4285714285713,1746.7857142857142,61.904761904761905,1.4317322112777657,0.04285714285714286,0.0071324791969356455,0,MA_Cross,
2026-03-06 07:36:52.394802,TCPI.JK,11675.0,10846.42857142857,12089.285714285714,52.459016393442624,1.1342489217875387,0.03548485775466503,0.1004105207885818,0,MA_Cross,
2026-03-06 07:36:52.526771,TINS.JK,3890.0,3294.285714285714,4187.857142857143,51.86915887850467,0.7202499255160673,0.07656995960337862,0.07801574629741785,0,MA_Cross,
2026-03-06 07:36:52.568493,TKIM.JK,10025.0,8514.285714285714,10780.357142857143,70.32967032967034,1.5335073374994763,0.07534734592091201,0.05652118751585892,0,MA_Cross,
2026-03-06 07:36:52.776091,TOTL.JK,1050.0,996.4285714285714,1076.7857142857142,39.130434782608695,0.6791608432923035,0.025510204081632654,0.017297400611620706,0,MA_Cross,
2026-03-06 07:36:53.011695,TUGU.JK,1300.0,1141.4285714285713,1379.2857142857142,46.07843137254902,0.5522033428445591,0.060989010989010994,0.08345358345358338,0,MA_Cross,
2026-03-06 07:36:53.046334,ULTJ.JK,1565.0,1408.5714285714287,1643.2142857142858,51.515151515151516,0.6851144205832916,0.049977179370150615,0.04170797805539025,0,MA_Cross,
2026-03-06 07:36:53.090401,UNTR.JK,29625.0,27500.0,30687.5,57.27554179566564,0.6579409165771275,0.035864978902953586,0.0011689472598500998,0,MA_Cross,
2026-03-06 07:36:53.435274,WEHA.JK,142.0,124.57142857142857,150.71428571428572,40.0,0.09825474855403173,0.06136820925553319,0.019787985865724462,0,MA_Cross,
2026-03-06 07:36:53.697061,YULE.JK,3320.0,2921.4285714285716,3519.285714285714,50.0,0.06094906399651719,0.060025817555938034,0.02462051092188084,0,MA_Cross,
2026-03-06 10:11:34.158851,AADI.JK,10325.0,9375.0,10800.0,74.45255474452554,0.8124729026436976,0.04600484261501211,0.1250689380476745,0,MA_Cross,
2026-03-06 10:11:34.242037,ABMM.JK,3040.0,2887.1428571428573,3116.4285714285716,70.45454545454545,1.0450414281827858,0.025140977443609023,0.007535245503159878,0,MA_Cross,
2026-03-06 10:11:34.585149,ADMR.JK,2000.0,1775.7142857142858,2112.1428571428573,54.966887417218544,0.4721598399295612,0.05607142857142857,0.04648406636818541,0,MA_Cross,
2026-03-06 10:11:34.643139,ADRO.JK,2410.0,2240.0,2495.0,67.9245283018868,0.9046949075435071,0.035269709543568464,0.059845267726347365,0,MA_Cross,
2026-03-06 10:11:34.772359,AIMS.JK,492.0,358.8571428571429,558.5714285714286,58.549222797927456,0.9243170352082439,0.13530778164924506,-0.049459377306873886,0,MA_Cross,
2026-03-06 10:11:34.839484,AKKU.JK,39.0,34.142857142857146,41.42857142857143,52.0,0.4811404365264154,0.062271062271062265,-0.0015932023366966323,0,MA_Cross,
2026-03-06 10:11:34.975406,ALKA.JK,620.0,483.57142857142856,688.2142857142857,54.385964912280706,0.6339496530931018,0.11002304147465437,0.11036829950164097,0,MA_Cross,
2026-03-06 10:11:35.043745,AMAN.JK,302.0,234.85714285714286,335.57142857142856,47.916666666666664,0.1454301733034033,0.11116367076631976,0.16400091834391986,0,MA_Cross,
2026-03-06 10:11:35.236573,ANTM.JK,4130.0,3735.714285714286,4327.142857142857,50.318471337579616,0.5055797020913092,0.04773434797647873,0.05449936628643853,0,MA_Cross,
2026-03-06 10:11:35.274576,APEX.JK,248.0,207.0,268.5,59.25925925925925,0.9162602394707534,0.08266129032258064,-0.02396657871591916,0,MA_Cross,
2026-03-06 10:11:35.555691,ASGR.JK,1665.0,1515.7142857142858,1739.642857142857,45.370370370370374,0.00659920308933728,0.04483054483054483,0.1389863679308949,0,MA_Cross,
2026-03-06 10:11:35.829021,AUTO.JK,2800.0,2638.5714285714284,2880.714285714286,62.295081967213115,0.005128803488612133,0.028826530612244897,0.010737108039827647,0,MA_Cross,
2026-03-06 10:11:36.441279,BBTN.JK,1305.0,1215.7142857142858,1349.642857142857,42.465753424657535,0.7487700505084788,0.034209085933223866,0.06988989947343219,0,MA_Cross,
2026-03-06 10:11:36.593523,BDMN.JK,2680.0,2504.285714285714,2767.8571428571427,54.285714285714285,0.5370228468125312,0.032782515991471216,0.04381641768057916,0,MA_Cross,
2026-03-06 10:11:36.819847,BFIN.JK,760.0,715.0,782.5,67.74193548387098,0.00727117087903828,0.029605263157894735,0.020542260340296062,0,MA_Cross,
2026-03-06 10:11:36.934706,BIPI.JK,266.0,192.42857142857144,302.7857142857143,66.22073578595317,0.10775346697084376,0.1382921589688507,0.2089015752193677,0,MA_Cross,
2026-03-06 10:11:37.102684,BJTM.JK,570.0,544.2857142857143,582.8571428571429,45.00000000000001,0.7558623010441642,0.02255639097744361,0.025402726146220612,0,MA_Cross,
2026-03-06 10:11:37.309798,BMRI.JK,5025.0,4724.285714285715,5175.357142857143,48.263888888888886,0.03062943342144734,0.02992181947405828,0.028499879494185015,0,MA_Cross,
2026-03-06 10:11:37.855519,BSSR.JK,3960.0,3895.714285714286,3992.1428571428573,59.09090909090909,0.7013781241373452,0.008116883116883118,0.004934468784557202,0,MA_Cross,
2026-03-06 10:11:37.911203,BTON.JK,392.0,364.85714285714283,405.57142857142856,50.0,0.7577903682719547,0.03462099125364432,0.009017412935323283,0,MA_Cross,
2026-03-06 10:11:38.381009,CFIN.JK,330.0,312.57142857142856,338.7142857142857,53.125,0.3723642729556436,0.026406926406926403,-0.0003652745647144909,0,MA_Cross,
2026-03-06 10:11:39.058699,DGNS.JK,328.0,282.2857142857143,350.85714285714283,60.416666666666664,0.007222548523942748,0.06968641114982578,0.1447749017281019,0,MA_Cross,
2026-03-06 10:11:39.590421,ECII.JK,226.0,170.0,254.0,52.23880597014925,0.055120972202468435,0.12389380530973451,0.08234758871701543,0,MA_Cross,
2026-03-06 10:11:39.651853,ELSA.JK,875.0,738.5714285714286,943.2142857142857,63.0,0.9863382684224892,0.07795918367346938,0.22648914651450647,0,MA_Cross,
2026-03-06 10:11:39.776916,ENRG.JK,2100.0,1701.4285714285716,2299.285714285714,78.92561983471074,1.0440911930213672,0.09489795918367347,0.04572204617473973,0,MA_Cross,
2026-03-06 10:11:39.880768,ESSA.JK,765.0,679.2857142857143,807.8571428571429,73.01587301587301,2.2020146536830727,0.05602240896358543,0.010687375057665763,0,MA_Cross,
2026-03-06 10:11:40.140467,GDYR.JK,1135.0,1035.0,1185.0,58.97435897435897,1.1895536955428707,0.04405286343612335,0.03231260567349248,0,MA_Cross,
2026-03-06 10:11:40.980052,HRTA.JK,2880.0,2498.5714285714284,3070.714285714286,60.0,0.007946395246789667,0.0662202380952381,0.11860766674771044,0,MA_Cross,
2026-03-06 10:11:41.174256,ICON.JK,108.0,73.14285714285714,125.42857142857143,61.016949152542374,0.05407063049154841,0.16137566137566137,0.10663872959858829,0,MA_Cross,
2026-03-06 10:11:41.243920,IFSH.JK,3250.0,2463.5714285714284,3643.214285714286,72.09705372616985,0.0,0.12098901098901099,0.11719622688345532,0,MA_Cross,
2026-03-06 10:11:41.304989,IKBI.JK,565.0,487.8571428571429,603.5714285714286,53.19148936170213,0.0188094849963008,0.06826801517067003,0.04056276265302402,0,MA_Cross,
2026-03-06 10:11:41.513504,INCO.JK,6300.0,5407.142857142857,6746.428571428572,38.888888888888886,0.005515463575450878,0.07086167800453515,0.08656752027994274,0,MA_Cross,
2026-03-06 10:11:41.672272,INDY.JK,3890.0,3342.857142857143,4163.571428571428,57.8125,0.0033859471905103187,0.07032684539111274,0.14075578532742494,0,MA_Cross,
2026-03-06 10:11:41.710744,INKP.JK,9925.0,8514.285714285714,10630.357142857143,53.036437246963565,0.0035313572006736827,0.07106872975890609,0.04969941956882255,0,MA_Cross,
2026-03-06 10:11:41.996084,ISSP.JK,488.0,430.14285714285717,516.9285714285714,52.06611570247934,0.07509205204360482,0.059279859484777514,0.06696218253458389,0,MA_Cross,
2026-03-06 10:11:42.083116,JAYA.JK,129.0,79.85714285714286,153.57142857142858,51.42857142857142,0.5589412147361176,0.1904761904761905,0.06600790513833987,0,MA_Cross,
2026-03-06 10:11:42.691188,KKGI.JK,340.0,319.42857142857144,350.2857142857143,66.66666666666666,1.1431535565908886,0.030252100840336138,-0.020203065907238495,0,MA_Cross,
2026-03-06 10:11:42.994110,LAND.JK,77.0,62.42857142857143,84.28571428571429,56.41025641025641,7.149481681505877,0.09461966604823747,0.07477341389728101,0,MA_Cross,
2026-03-06 10:11:43.315742,LPPF.JK,1930.0,1855.7142857142858,1967.142857142857,58.49056603773585,0.04578817340108547,0.01924500370096225,0.03929524535700675,0,MA_Cross,
2026-03-06 10:11:43.565277,MAIN.JK,830.0,757.1428571428571,866.4285714285714,62.06896551724138,0.003582201868672356,0.04388984509466438,-0.023839009287925695,0,MA_Cross,
2026-03-06 10:11:44.155356,MDKA.JK,3620.0,3205.714285714286,3827.1428571428573,61.87845303867403,0.47725074593700023,0.05722178374112075,0.1252200560735476,0,MA_Cross,
2026-03-06 10:11:44.265174,MEDC.JK,1840.0,1597.142857142857,1961.4285714285713,66.25,0.021295417327817773,0.06599378881987578,0.09319286871961102,0,MA_Cross,
2026-03-06 10:11:44.305040,MEGA.JK,4030.0,3189.285714285714,4450.357142857143,60.88328075709779,0.142433234421365,0.10430698333924139,0.09570788682882574,0,MA_Cross,
2026-03-06 10:11:44.965348,MPMX.JK,1010.0,985.0,1022.5,44.444444444444436,0.8083140091189861,0.012376237623762377,0.014579588575993632,0,MA_Cross,
2026-03-06 10:11:45.095881,MSIN.JK,530.0,419.57142857142856,585.2142857142857,57.30593607305936,0.005841249351927769,0.10417789757412399,0.06841403820524214,0,MA_Cross,
2026-03-06 10:11:45.211126,MTFN.JK,29.0,23.42857142857143,31.785714285714285,58.064516129032256,0.9072467662724877,0.0960591133004926,-0.0354330708661418,0,MA_Cross,
2026-03-06 10:11:45.617664,NFCX.JK,1850.0,1576.4285714285716,1986.7857142857142,64.46280991735537,0.23174769123540687,0.07393822393822394,0.0900274416864163,0,MA_Cross,
2026-03-06 10:11:46.032263,OMRE.JK,890.0,769.2857142857143,950.3571428571429,69.65517241379311,1.567895473635091,0.06781701444622792,0.25323699606764916,0,MA_Cross,
2026-03-06 10:11:46.178781,PANS.JK,1685.0,1592.857142857143,1731.0714285714287,66.12903225806451,0.3548591365673773,0.027342094107672743,0.0525899690089179,0,MA_Cross,
2026-03-06 10:11:46.258435,PCAR.JK,44.0,41.285714285714285,45.357142857142854,47.05882352941176,0.17760312336527298,0.030844155844155844,0.010124252185918033,0,MA_Cross,
2026-03-06 10:11:46.332188,PGAS.JK,2400.0,2232.8571428571427,2483.5714285714284,64.51612903225806,1.1444587337542906,0.03482142857142857,0.07003341648232701,0,MA_Cross,
2026-03-06 10:11:46.699707,POWR.JK,735.0,696.4285714285714,754.2857142857143,68.42105263157895,0.4359748129377022,0.026239067055393583,0.008155230596175414,0,MA_Cross,
2026-03-06 10:11:46.990878,PSDN.JK,140.0,113.57142857142857,153.21428571428572,60.22727272727273,1.527295944386823,0.09438775510204081,-0.06049495875343713,0,MA_Cross,
2026-03-06 10:11:47.051411,PSSI.JK,372.0,344.2857142857143,385.85714285714283,61.36363636363637,0.7331027710174629,0.037250384024577574,-0.007417582417582386,0,MA_Cross,
2026-03-06 10:11:47.097746,PTBA.JK,2970.0,2820.0,3045.0,79.16666666666667,2.2209630185451807,0.025252525252525252,0.05923455613784334,0,MA_Cross,
2026-03-06 10:11:47.407346,RALS.JK,510.0,478.42857142857144,525.7857142857143,64.03508771929825,0.3043463537113226,0.030952380952380953,0.07062804431225479,0,MA_Cross,
2026-03-06 10:11:47.446911,RDTX.JK,16150.0,14942.857142857143,16753.571428571428,47.857142857142854,0.0,0.03737284387439186,0.054623425306906434,0,MA_Cross,
2026-03-06 10:11:48.178045,SILO.JK,2740.0,2597.1428571428573,2811.4285714285716,64.28571428571428,0.41321245914957255,0.026068821689259645,0.03029960003018647,0,MA_Cross,
2026-03-06 10:11:48.213709,SIMP.JK,600.0,560.7142857142857,619.6428571428571,61.53846153846153,0.7727934721554197,0.03273809523809524,0.0088321042702795,0,MA_Cross,
2026-03-06 10:11:48.262528,SKBM.JK,760.0,456.42857142857144,911.7857142857142,55.55555555555556,0.4682578158117226,0.19971804511278193,0.15130553997631957,0,MA_Cross,
2026-03-06 10:11:48.397679,SMDR.JK,404.0,364.85714285714283,423.57142857142856,52.23880597014925,0.012975935072968434,0.048444130127298445,0.002983414239482218,0,MA_Cross,
2026-03-06 10:11:48.502609,SMSM.JK,1795.0,1737.857142857143,1823.5714285714287,48.48484848484849,0.9164797515466713,0.01591723040191007,0.017044813184332343,0,MA_Cross,
2026-03-06 10:11:48.543654,SOCI.JK,655.0,501.42857142857144,731.7857142857143,51.06382978723405,0.015305275329545892,0.11723009814612868,0.06795121451265773,0,MA_Cross,
2026-03-06 10:11:48.703750,SPTO.JK,650.0,631.4285714285714,659.2857142857143,57.142857142857146,0.9763139603272203,0.014285714285714287,0.004263565891472868,0,MA_Cross,
2026-03-06 10:11:48.947903,TAPG.JK,1700.0,1557.857142857143,1771.0714285714287,65.30612244897958,1.3841703434490766,0.04180672268907563,0.010932560590094776,0,MA_Cross,
2026-03-06 10:11:49.165094,TCPI.JK,11675.0,10875.0,12075.0,54.23728813559322,1.132817947243329,0.034261241970021415,0.096780312011001,0,MA_Cross,
2026-03-06 10:11:49.333932,TINS.JK,3890.0,3380.0,4145.0,41.477272727272734,0.7203823011536538,0.06555269922879177,0.08369039771478791,0,MA_Cross,
2026-03-06 10:11:49.382468,TKIM.JK,9850.0,8328.57142857143,10610.714285714286,68.34532374100719,0.007347274741119051,0.0772298767222625,0.06796422272612748,0,MA_Cross,
2026-03-06 10:11:49.695802,TOTL.JK,1055.0,1003.5714285714286,1080.7142857142858,41.66666666666667,0.7058363587710492,0.024373730534867976,0.01766953199617956,0,MA_Cross,
2026-03-06 10:11:49.980083,TUGU.JK,1300.0,1147.142857142857,1376.4285714285713,45.54455445544555,0.5487921981960281,0.05879120879120879,0.08499240425361794,0,MA_Cross,
2026-03-06 10:11:50.017631,ULTJ.JK,1585.0,1430.0,1662.5,55.55555555555556,0.6774364323404481,0.04889589905362776,0.04213409000923842,0,MA_Cross,
2026-03-06 10:11:50.055950,UNTR.JK,29600.0,27707.14285714286,30546.428571428572,55.448717948717956,0.715218717479456,0.03197393822393822,0.0031081498780780987,0,MA_Cross,
2026-03-06 10:11:50.466855,WEHA.JK,142.0,125.85714285714286,150.07142857142858,42.5531914893617,0.09957728259501716,0.056841046277665994,0.02465385702175762,0,MA_Cross,
2026-03-06 10:11:50.798204,YULE.JK,3320.0,2921.4285714285716,3519.285714285714,50.0,0.06094906399651719,0.060025817555938034,0.02462051092188084,0,MA_Cross,
2026-03-06 12:05:31.368593,AADI.JK,10250.0,9225.0,10762.5,72.85714285714286,0.3209310141247503,0.05,0.12481613140475607,0,MA_Cross,
2026-03-06 12:05:31.583078,ABMM.JK,3010.0,2847.1428571428573,3091.4285714285716,65.95744680851064,0.3874155534664072,0.027052681537731372,0.0072242289524868655,0,MA_Cross,
2026-03-06 12:05:31.943557,ADMR.JK,1975.0,1742.857142857143,2091.0714285714284,53.2051282051282,0.22040089197498497,0.05877034358047016,0.046101159114857744,0,MA_Cross,
2026-03-06 12:05:32.005007,ADRO.JK,2390.0,2214.285714285714,2477.8571428571427,65.45454545454545,0.369215944190904,0.036760310818888225,0.0595783170633195,0,MA_Cross,
2026-03-06 12:05:32.332292,AKKU.JK,40.0,35.285714285714285,42.357142857142854,53.846153846153854,0.8860195903829029,0.05892857142857143,-0.006087877183695182,0,MA_Cross,
2026-03-06 12:05:32.661474,ALKA.JK,655.0,512.8571428571429,726.0714285714286,57.63747454175153,3.205181516904195,0.10850599781897491,0.11233613853374338,0,MA_Cross,
2026-03-06 12:05:32.838242,AMAN.JK,286.0,216.28571428571428,320.85714285714283,44.117647058823536,0.16540607563546186,0.12187812187812187,0.16236303731514826,0,MA_Cross,
2026-03-06 12:05:33.061022,ANTM.JK,4040.0,3625.714285714286,4247.142857142857,47.59036144578314,0.22076087893183022,0.051272984441301274,0.05383952120105503,0,MA_Cross,
2026-03-06 12:05:33.093171,APEX.JK,240.0,196.14285714285714,261.92857142857144,56.9620253164557,1.6460384233411427,0.09136904761904761,-0.02503960570322125,0,MA_Cross,
2026-03-06 12:05:33.501846,ASGR.JK,1630.0,1474.2857142857142,1707.857142857143,42.608695652173914,0.2549362434659104,0.047765118317265556,0.1383431233542638,0,MA_Cross,
2026-03-06 12:05:33.886178,AUTO.JK,2750.0,2580.0,2835.0,58.064516129032256,0.2788298958055374,0.03090909090909091,0.010183602170519621,0,MA_Cross,
2026-03-06 12:05:34.579802,BBTN.JK,1300.0,1207.857142857143,1346.0714285714287,41.89189189189189,0.16789242700547083,0.03543956043956044,0.06977579190935933,0,MA_Cross,
2026-03-06 12:05:34.776879,BDMN.JK,2650.0,2467.1428571428573,2741.4285714285716,52.112676056338024,0.1288962734393544,0.03450134770889488,0.04347993530000774,0,MA_Cross,
2026-03-06 12:05:35.095147,BFIN.JK,750.0,703.5714285714286,773.2142857142857,63.63636363636363,0.13683111952116978,0.030952380952380953,0.02013283520132829,0,MA_Cross,
2026-03-06 12:05:35.224758,BIPI.JK,272.0,196.71428571428572,309.64285714285717,67.57679180887371,0.32977944418389815,0.13839285714285715,0.20972002113048063,0,MA_Cross,
2026-03-06 12:05:35.492007,BJTM.JK,570.0,543.5714285714286,583.2142857142857,45.00000000000001,0.3502882863758927,0.023182957393483708,0.025402726146220612,0,MA_Cross,
2026-03-06 12:05:36.209872,BSSR.JK,3970.0,3901.4285714285716,4004.285714285714,60.869565217391305,0.3738095752262077,0.008636200071968334,0.005011032216544811,0,MA_Cross,
2026-03-06 12:05:37.613741,DGNS.JK,314.0,266.0,338.0,52.72727272727273,0.3863384478814755,0.07643312101910828,0.14336624842230308,0,MA_Cross,
2026-03-06 12:05:38.321781,ECII.JK,228.0,177.14285714285714,253.42857142857142,43.85964912280702,0.02056274652289668,0.11152882205513784,0.0820117806977799,0,MA_Cross,
2026-03-06 12:05:38.406078,ELSA.JK,875.0,729.2857142857142,947.8571428571429,63.0,1.4864178171997826,0.08326530612244898,0.22648914651450647,0,MA_Cross,
2026-03-06 12:05:38.621676,ENRG.JK,1860.0,1414.2857142857142,2082.8571428571427,65.86206896551724,1.2649488646185376,0.11981566820276499,0.041193642555951995,0,MA_Cross,
2026-03-06 12:05:38.745057,ESSA.JK,770.0,680.7142857142857,814.6428571428571,74.19354838709677,1.2793755072102475,0.057977736549165125,0.010916359163591672,0,MA_Cross,
2026-03-06 12:05:39.047670,GDYR.JK,1105.0,1000.7142857142857,1157.142857142857,51.11111111111111,0.16467065868263472,0.04718810601163543,0.03148496240601504,0,MA_Cross,
2026-03-06 12:05:39.987030,HRTA.JK,2730.0,2327.1428571428573,2931.4285714285716,53.07692307692308,0.5089464735957632,0.07378335949764521,0.11692632262252507,0,MA_Cross,
2026-03-06 12:05:40.198269,ICON.JK,122.0,85.85714285714286,140.07142857142858,66.39344262295083,1.1846728746685136,0.14812646370023422,0.11092788038698334,0,MA_Cross,
2026-03-06 12:05:40.278407,IFSH.JK,3250.0,2463.5714285714284,3643.214285714286,72.09705372616985,0.0,0.12098901098901099,0.11719622688345532,0,MA_Cross,
2026-03-06 12:05:40.340842,IKBI.JK,560.0,480.7142857142857,599.6428571428571,52.08333333333334,0.04858137380111687,0.07079081632653061,0.04029605263157886,0,MA_Cross,
2026-03-06 12:05:40.649141,INDY.JK,3760.0,3175.714285714286,4052.1428571428573,54.146341463414636,0.3559502088260628,0.07769756838905775,0.13966738527871883,0,MA_Cross,
2026-03-06 12:05:40.787955,INPS.JK,725.0,624.5714285714286,775.2142857142857,76.52916073968706,0.17066178346817165,0.06926108374384236,0.11436571182425148,0,MA_Cross,
2026-03-06 12:05:41.068357,ISSP.JK,498.0,440.14285714285717,526.9285714285714,54.310344827586206,0.2539618240561369,0.058089500860585196,0.06757566676655677,0,MA_Cross,
2026-03-06 12:05:41.416155,JRPT.JK,1110.0,1060.7142857142858,1134.642857142857,61.53846153846153,0.5250241037777194,0.0222007722007722,0.014207700851536383,0,MA_Cross,
2026-03-06 12:05:41.987432,KKGI.JK,342.0,321.14285714285717,352.42857142857144,69.56521739130434,0.4150088029474304,0.030492898913951547,-0.020021994431262964,0,MA_Cross,
2026-03-06 12:05:42.356940,LAND.JK,67.0,50.714285714285715,75.14285714285714,50.0,5.407051227698014,0.12153518123667377,0.07045454545454555,0,MA_Cross,
2026-03-06 12:05:42.926043,LPPF.JK,1885.0,1805.0,1925.0,50.0,0.6383692908872697,0.021220159151193633,0.03857890148212726,0,MA_Cross,
2026-03-06 12:05:43.292868,MAIN.JK,830.0,754.2857142857143,867.8571428571429,62.06896551724138,0.20915166046013364,0.045611015490533556,-0.023839009287925695,0,MA_Cross,
2026-03-06 12:05:43.882937,MDKA.JK,3480.0,3040.0,3700.0,57.43589743589743,0.2339183402908086,0.06321839080459771,0.12396397572276972,0,MA_Cross,
2026-03-06 12:05:44.058772,MEDC.JK,1800.0,1541.4285714285716,1929.2857142857142,63.75,0.9560642639598231,0.07182539682539682,0.09246286566776932,0,MA_Cross,
2026-03-06 12:05:44.121709,MEGA.JK,3950.0,3095.0,4377.5,59.38461538461538,0.06658256237734791,0.10822784810126582,0.09507062227012304,0,MA_Cross,
2026-03-06 12:05:45.113710,MSIN.JK,515.0,401.0,572.0,55.4083885209713,0.21141581001049775,0.11067961165048544,0.06745943543009562,0,MA_Cross,
2026-03-06 12:05:45.715462,NFCX.JK,1850.0,1570.0,1990.0,64.46280991735537,0.6602835468932011,0.07567567567567568,0.0900274416864163,0,MA_Cross,
2026-03-06 12:05:46.436720,PANS.JK,1705.0,1612.857142857143,1751.0714285714287,70.6896551724138,0.05018345963257638,0.027021365731043148,0.05295605437875435,0,MA_Cross,
2026-03-06 12:05:46.551607,PCAR.JK,44.0,41.42857142857143,45.285714285714285,43.75,0.10293301982925575,0.029220779220779224,0.012396694214876013,0,MA_Cross,
2026-03-06 12:05:46.659807,PGAS.JK,2360.0,2178.5714285714284,2450.714285714286,60.6060606060606,0.3024351141143256,0.03843825665859564,0.06949479730684115,0,MA_Cross,
2026-03-06 12:05:47.145918,POWR.JK,730.0,690.0,750.0,65.0,0.28062675477759413,0.0273972602739726,0.007945436647447584,0,MA_Cross,
2026-03-06 12:05:47.475017,PSDN.JK,135.0,107.85714285714286,148.57142857142858,57.83132530120482,8.198723704219596,0.10052910052910052,-0.06168781531875855,0,MA_Cross,
2026-03-06 12:05:47.543957,PSSI.JK,364.0,332.85714285714283,379.57142857142856,56.25,0.36976617727025557,0.04277864992150707,-0.008080474934036934,0,MA_Cross,
2026-03-06 12:05:47.606131,PTBA.JK,2970.0,2808.5714285714284,3050.714285714286,79.16666666666667,0.9428899643540032,0.027176527176527174,0.05923455613784334,0,MA_Cross,
2026-03-06 12:05:48.069598,RALS.JK,496.0,462.14285714285717,512.9285714285714,57.03125,0.4676517244794417,0.03413018433179723,0.0697649342247143,0,MA_Cross,
2026-03-06 12:05:48.135749,RDTX.JK,16150.0,15050.0,16700.0,71.27659574468085,0.11494252873563218,0.034055727554179564,0.05279101553057637,0,MA_Cross,
2026-03-06 12:05:49.006169,SILO.JK,2680.0,2528.5714285714284,2755.714285714286,56.52173913043478,0.6049156250571336,0.028251599147121532,0.029633824084560213,0,MA_Cross,
2026-03-06 12:05:49.082409,SIMP.JK,595.0,555.0,615.0,60.0,0.708555924149824,0.03361344537815126,0.008576329331046312,0,MA_Cross,
2026-03-06 12:05:49.135738,SKBM.JK,885.0,563.5714285714286,1045.7142857142858,58.91238670694864,1.4326997145821367,0.18159806295399517,0.15653806759986344,0,MA_Cross,
2026-03-06 12:05:49.533176,SMSM.JK,1795.0,1736.4285714285713,1824.2857142857142,48.48484848484849,0.5197541813698665,0.01631516116195782,0.017044813184332343,0,MA_Cross,
2026-03-06 12:05:49.603192,SOCI.JK,590.0,422.8571428571429,673.5714285714286,44.76190476190476,0.741554263757429,0.14164648910411623,0.06476408957063624,0,MA_Cross,
2026-03-06 12:05:49.797366,SPTO.JK,645.0,624.2857142857143,655.3571428571429,50.0,1.6366345184476643,0.016057585825027688,0.004031632811288607,0,MA_Cross,
2026-03-06 12:05:50.119293,TAPG.JK,1700.0,1552.142857142857,1773.9285714285713,65.30612244897958,0.9464852810359838,0.04348739495798319,0.010932560590094776,0,MA_Cross,
2026-03-06 12:05:50.190519,TARA.JK,38.0,33.857142857142854,40.07142857142857,57.692307692307686,0.23845226750378384,0.054511278195488726,-0.05746509129967778,0,MA_Cross,
2026-03-06 12:05:50.472094,TCPI.JK,11425.0,10575.0,11850.0,50.0,0.18146534441741732,0.037199124726477024,0.09611461644290527,0,MA_Cross,
2026-03-06 12:05:50.726178,TINS.JK,3750.0,3211.4285714285716,4019.285714285714,38.421052631578945,0.2859803236844144,0.07180952380952381,0.08260032985156679,0,MA_Cross,
2026-03-06 12:05:50.786473,TKIM.JK,9500.0,7907.142857142857,10296.42857142857,65.06849315068493,0.43546893188837754,0.08383458646616541,0.06670029000126088,0,MA_Cross,
2026-03-06 12:05:51.543016,TUGU.JK,1275.0,1117.142857142857,1353.9285714285713,43.39622641509434,0.18026608733867056,0.06190476190476191,0.08442649176131815,0,MA_Cross,
2026-03-06 12:05:51.603251,ULTJ.JK,1540.0,1379.2857142857142,1620.357142857143,51.0,0.10641646230941465,0.05217996289424861,0.041267745130406076,0,MA_Cross,
2026-03-06 12:05:51.666982,UNTR.JK,29175.0,27192.85714285714,30166.071428571428,52.58358662613982,0.15800593883754224,0.03396988615497613,0.002671041104831922,0,MA_Cross,
2026-03-09 15:06:11.448874,AADI.JK,10350.0,9285.714285714286,10882.142857142857,73.91304347826087,0.8393234894582479,0.05141476880607315,0.1290959936774272,0,MA_Cross,
2026-03-09 15:06:11.535521,ABMM.JK,2960.0,2777.1428571428573,3051.4285714285716,60.78431372549019,1.4436510558280182,0.03088803088803089,0.008811489627419723,0,MA_Cross,
2026-03-09 15:06:11.723513,ADMR.JK,1915.0,1666.4285714285713,2039.2857142857142,53.2051282051282,0.7392945138556087,0.0649011562849683,0.043434978518285705,0,MA_Cross,
2026-03-09 15:06:11.748839,ADRO.JK,2330.0,2144.285714285714,2422.8571428571427,59.01639344262295,1.0665587599051856,0.039852851011649294,0.05942673331992778,0,MA_Cross,
2026-03-09 15:06:11.888990,AKKU.JK,39.0,33.857142857142854,41.57142857142857,53.846153846153854,0.3468290368495967,0.06593406593406594,-0.006596306068601583,0,MA_Cross,
2026-03-09 15:06:12.026263,ALKA.JK,565.0,420.7142857142857,637.1428571428571,51.33689839572192,0.9982681906588868,0.12768647281921616,0.11424159781824009,0,MA_Cross,
2026-03-09 15:06:12.097177,AMAN.JK,284.0,205.14285714285714,323.42857142857144,45.52845528455285,0.6689548528905128,0.13883299798792756,0.1598901518041041,0,MA_Cross,
2026-03-09 15:06:12.394098,APEX.JK,236.0,187.85714285714286,260.07142857142856,57.31707317073171,1.1996425271527085,0.10199757869249396,-0.015318735652481012,0,MA_Cross,
2026-03-09 15:06:13.813152,BFIN.JK,730.0,676.4285714285714,756.7857142857143,56.75675675675676,0.8809774000054454,0.03669275929549902,0.022051707451956375,0,MA_Cross,
2026-03-09 15:06:13.912197,BIPI.JK,256.0,176.85714285714286,295.57142857142856,64.28571428571428,0.6890908572392321,0.15457589285714285,0.21806190278354803,0,MA_Cross,
2026-03-09 15:06:14.701517,BSSR.JK,3950.0,3877.1428571428573,3986.4285714285716,57.142857142857146,1.7182838964153693,0.00922242314647378,0.005008835258980034,0,MA_Cross,
2026-03-09 15:06:15.961718,DGNS.JK,314.0,264.85714285714283,338.57142857142856,54.54545454545455,0.16557134006018764,0.07825295723384895,0.1347413349032306,0,MA_Cross,
2026-03-09 15:06:16.567345,ELSA.JK,850.0,695.0,927.5,61.224489795918366,1.4786608228858764,0.09117647058823529,0.22339471481525774,0,MA_Cross,
2026-03-09 15:06:16.700281,ENRG.JK,1815.0,1367.142857142857,2038.9285714285713,60.294117647058826,1.2702049493454515,0.12337662337662338,0.05724525377760564,0,MA_Cross,
2026-03-09 15:06:16.806082,ESSA.JK,780.0,677.8571428571429,831.0714285714286,77.41935483870968,1.8474579772997866,0.06547619047619048,0.017441860465116244,0,MA_Cross,
2026-03-09 15:06:17.849236,HRTA.JK,2700.0,2254.285714285714,2922.8571428571427,54.76190476190476,0.48560862825707135,0.08253968253968254,0.12007565087924031,0,MA_Cross,
2026-03-09 15:06:18.056907,ICON.JK,118.0,77.71428571428572,138.14285714285714,62.7906976744186,3.467163227970686,0.17070217917675545,0.12333841795598162,0,MA_Cross,
2026-03-09 15:06:18.164671,IFSH.JK,3250.0,2574.285714285714,3587.8571428571427,77.46741154562383,0.0,0.10395604395604395,0.14472891566265061,0,MA_Cross,
2026-03-09 15:06:18.652704,INDY.JK,3700.0,3064.285714285714,4017.8571428571427,53.36538461538461,0.43162223276902184,0.0859073359073359,0.13478207789036745,0,MA_Cross,
2026-03-09 15:06:18.746733,INPS.JK,655.0,549.4285714285714,707.7857142857143,68.20027063599458,0.09494460223843969,0.08058887677208287,0.1268545994065281,0,MA_Cross,
2026-03-09 15:06:18.998085,ISSP.JK,474.0,414.42857142857144,503.7857142857143,52.06611570247934,1.088179935413611,0.0628390596745027,0.0663887107119949,0,MA_Cross,
2026-03-09 15:06:19.227790,JRPT.JK,1105.0,1054.2857142857142,1130.357142857143,55.99999999999999,2.05792341569008,0.02294764059469942,0.015032377428307124,0,MA_Cross,
2026-03-09 15:06:19.687092,KKGI.JK,358.0,334.0,370.0,79.3103448275862,4.395352362580439,0.0335195530726257,-0.016057968913525573,0,MA_Cross,
2026-03-09 15:06:20.419055,MAIN.JK,830.0,745.7142857142857,872.1428571428571,61.53846153846154,0.64410694823144,0.05077452667814114,-0.01965632340215104,0,MA_Cross,
2026-03-09 15:06:20.783660,MDKA.JK,3340.0,2845.714285714286,3587.1428571428573,52.9126213592233,1.1668009502267143,0.07399486740804107,0.12019822504372608,0,MA_Cross,
2026-03-09 15:06:20.879040,MEDC.JK,1800.0,1525.0,1937.5,62.64367816091954,1.158613402314732,0.0763888888888889,0.09621705226525742,0,MA_Cross,
2026-03-09 15:06:20.912179,MEGA.JK,3860.0,2960.714285714286,4309.642857142857,58.13253012048193,0.18149570368329515,0.11648778682457439,0.10019785189372526,0,MA_Cross,
2026-03-09 15:06:21.491526,MSIN.JK,498.0,381.1428571428571,556.4285714285714,52.5974025974026,0.17513024572983635,0.11732644865174986,0.08296817598371178,0,MA_Cross,
2026-03-09 15:06:21.826268,NFCX.JK,1795.0,1491.4285714285716,1946.7857142857142,55.73770491803279,0.6583929904088007,0.08456028651014723,0.10279441117764468,0,MA_Cross,
2026-03-09 15:06:22.139554,OMRE.JK,880.0,737.8571428571429,951.0714285714286,60.37735849056604,2.03747870528109,0.08076298701298701,0.23978770811413014,0,MA_Cross,
2026-03-09 15:06:22.255944,PANS.JK,1680.0,1582.857142857143,1728.5714285714287,63.9344262295082,0.8159085496546797,0.028911564625850338,0.05446574996846216,0,MA_Cross,
2026-03-09 15:06:22.368261,PGAS.JK,2180.0,1978.5714285714287,2280.714285714286,53.33333333333334,1.2678027677565806,0.046199213630406286,0.06574686752076583,0,MA_Cross,
2026-03-09 15:06:22.646488,POWR.JK,720.0,677.8571428571429,741.0714285714286,59.09090909090909,0.7574563605979764,0.02926587301587302,0.009067903838043085,0,MA_Cross,
2026-03-09 15:06:22.947163,PTBA.JK,2930.0,2747.1428571428573,3021.4285714285716,74.35897435897436,1.2340471796368802,0.03120429058995612,0.060456483967777565,0,MA_Cross,
2026-03-09 15:06:23.298698,RALS.JK,476.0,437.57142857142856,495.2142857142857,47.1830985915493,1.1419527163782703,0.040366146458583434,0.06537452136127003,0,MA_Cross,
2026-03-09 15:06:23.334,RDTX.JK,16250.0,15107.142857142857,16821.428571428572,60.416666666666664,0.05519779208831647,0.035164835164835165,0.052883486030250754,0,MA_Cross,
2026-03-09 15:06:23.903935,SIMP.JK,600.0,555.7142857142857,622.1428571428571,61.53846153846153,1.845549075194891,0.036904761904761905,0.009681288553803936,0,MA_Cross,
2026-03-09 15:06:23.938838,SKBM.JK,755.0,422.85714285714283,921.0714285714286,55.55555555555556,0.3245778768926374,0.21996215704824978,0.16550206242689153,0,MA_Cross,
2026-03-09 15:06:24.648570,TAPG.JK,1765.0,1602.857142857143,1846.0714285714287,70.77922077922078,1.567767139168645,0.04593282072035613,0.01604014957685498,0,MA_Cross,
2026-03-09 15:06:24.858644,TCPI.JK,10750.0,9728.57142857143,11260.714285714286,45.07042253521127,0.1242571461360348,0.04750830564784053,0.09108719256007175,0,MA_Cross,
2026-03-09 15:06:25.023946,TKIM.JK,8825.0,7092.857142857143,9691.07142857143,59.74842767295598,0.9263563772789941,0.09813840550384459,0.07120431997990707,0,MA_Cross,
2026-03-09 15:06:25.492505,UNTR.JK,29250.0,27214.285714285714,30267.85714285714,49.01960784313725,0.4763788844680442,0.0347985347985348,0.006197531288090783,0,MA_Cross,
2026-03-09 15:06:26.082910,YULE.JK,3350.0,2942.8571428571427,3553.5714285714284,71.42857142857143,0.008600301010535369,0.06076759061833689,0.017174871418074916,0,MA_Cross,
2026-03-10 08:54:55.790003,AADI.JK,10450.0,9385.714285714286,10982.142857142857,74.64788732394366,1.1165005840592839,0.05092276144907724,0.12942928341335927,0,MA_Cross,
2026-03-10 08:54:55.896081,ABMM.JK,2970.0,2787.1428571428573,3061.4285714285716,62.0,1.6742078041362072,0.030784030784030785,0.008914943804634319,0,MA_Cross,
2026-03-10 08:54:56.164283,ADMR.JK,1945.0,1696.4285714285713,2069.285714285714,55.33333333333333,0.9540845781013072,0.06390011017260375,0.043892729939241544,0,MA_Cross,
2026-03-10 08:54:56.198793,ADRO.JK,2350.0,2164.285714285714,2442.8571428571427,61.01694915254238,1.308937847078832,0.03951367781155015,0.059692280503263286,0,MA_Cross,
2026-03-10 08:54:56.384004,AKKU.JK,39.0,33.857142857142854,41.57142857142857,53.846153846153854,0.412194007030154,0.06593406593406594,-0.006596306068601583,0,MA_Cross,
2026-03-10 08:54:56.524453,ALKA.JK,565.0,420.7142857142857,637.1428571428571,51.33689839572192,1.0221339960936877,0.12768647281921616,0.11424159781824009,0,MA_Cross,
2026-03-10 08:54:57.751248,BBTN.JK,1275.0,1167.857142857143,1328.5714285714287,39.77272727272727,0.762473358484598,0.04201680672268907,0.06736205111871957,0,MA_Cross,
2026-03-10 08:54:58.365648,BIPI.JK,244.0,164.85714285714286,283.57142857142856,61.87500000000001,0.8360422006157187,0.16217798594847774,0.21646214642262893,0,MA_Cross,
2026-03-10 08:54:59.084624,BSSR.JK,3950.0,3877.1428571428573,3986.4285714285716,57.142857142857146,1.9792114415224102,0.00922242314647378,0.005008835258980034,0,MA_Cross,
2026-03-10 08:55:00.376367,DGNS.JK,324.0,274.85714285714283,348.57142857142856,58.33333333333333,7.064486713826621,0.07583774250440918,0.13574527538789602,0,MA_Cross,
2026-03-10 08:55:00.949519,ELSA.JK,840.0,685.0,917.5,60.0,1.7649825040514264,0.09226190476190477,0.22301297769272166,0,MA_Cross,
2026-03-10 08:55:01.066287,ENRG.JK,1660.0,1194.2857142857142,1892.857142857143,54.12541254125412,1.9161437557522614,0.14027538726333907,0.054351342607570366,0,MA_Cross,
2026-03-10 08:55:01.159890,ESSA.JK,755.0,652.8571428571429,806.0714285714286,73.01587301587301,2.2636208617144153,0.06764427625354777,0.016306844281120773,0,MA_Cross,
2026-03-10 08:55:02.280490,HRTA.JK,2600.0,2154.285714285714,2822.8571428571427,50.73529411764706,0.6752658657907659,0.08571428571428572,0.11896419797833357,0,MA_Cross,
2026-03-10 08:55:02.463341,ICON.JK,120.0,79.71428571428572,140.14285714285714,63.77952755905512,3.6134635228525966,0.16785714285714284,0.12393813983881519,0,MA_Cross,
2026-03-10 08:55:02.496529,IDPR.JK,300.0,279.14285714285717,310.42857142857144,63.888888888888886,1.6608397782250945,0.034761904761904765,0.023917350693461615,0,MA_Cross,
2026-03-10 08:55:02.979283,INDY.JK,3690.0,3054.285714285714,4007.8571428571427,53.110047846889955,0.5492810701130169,0.08614014711575686,0.13469873634088278,0,MA_Cross,
2026-03-10 08:55:03.093763,INPS.JK,655.0,549.4285714285714,707.7857142857143,68.20027063599458,0.12261361445008678,0.08058887677208287,0.1268545994065281,0,MA_Cross,
2026-03-10 08:55:03.491730,ISSP.JK,474.0,414.42857142857144,503.7857142857143,52.06611570247934,1.1580114239482708,0.0628390596745027,0.0663887107119949,0,MA_Cross,
2026-03-10 08:55:03.764781,JRPT.JK,1105.0,1054.2857142857142,1130.357142857143,55.99999999999999,2.445775213612795,0.02294764059469942,0.015032377428307124,0,MA_Cross,
2026-03-10 08:55:05.096689,MAIN.JK,840.0,755.7142857142857,882.1428571428571,63.492063492063494,0.9119100652175255,0.050170068027210885,-0.019280682239525428,0,MA_Cross,
2026-03-10 08:55:05.607795,MDKA.JK,3330.0,2835.714285714286,3577.1428571428573,52.65700483091788,1.5864489112587945,0.07421707421707421,0.12010883648613636,0,MA_Cross,
2026-03-10 08:55:05.717801,MEDC.JK,1690.0,1405.0,1832.5,56.043956043956044,1.6411840470426786,0.08431952662721894,0.09422394320748628,0,MA_Cross,
2026-03-10 08:55:05.756299,MEGA.JK,3880.0,2980.714285714286,4329.642857142857,58.484848484848484,0.27050655695551556,0.11588733431516937,0.10035609314944605,0,MA_Cross,
2026-03-10 08:55:06.416370,MSIN.JK,496.0,379.1428571428571,554.4285714285714,52.370689655172406,0.2772637441448683,0.11779953917050692,0.08284272497897395,0,MA_Cross,
2026-03-10 08:55:07.142269,OMRE.JK,880.0,737.8571428571429,951.0714285714286,60.37735849056604,2.080217539089055,0.08076298701298701,0.23978770811413014,0,MA_Cross,
2026-03-10 08:55:07.286016,PANS.JK,1650.0,1552.857142857143,1698.5714285714287,58.208955223880594,1.365318774868141,0.029437229437229435,0.05391847551741548,0,MA_Cross,
2026-03-10 08:55:07.718630,POWR.JK,720.0,677.8571428571429,741.0714285714286,59.09090909090909,0.9178603043673315,0.02926587301587302,0.009067903838043085,0,MA_Cross,
2026-03-10 08:55:08.140054,PTBA.JK,2950.0,2767.1428571428573,3041.4285714285716,76.31578947368422,1.7605844946949674,0.03099273607748184,0.06068382817435242,0,MA_Cross,
2026-03-10 08:55:08.460557,RALS.JK,472.0,433.57142857142856,491.2142857142857,45.89041095890411,1.367417320377964,0.04070823244552058,0.06512758724557864,0,MA_Cross,
2026-03-10 08:55:08.493636,RDTX.JK,16250.0,15107.142857142857,16821.428571428572,60.416666666666664,0.05519779208831647,0.035164835164835165,0.052883486030250754,0,MA_Cross,
2026-03-10 08:55:09.061074,SILO.JK,2720.0,2570.0,2795.0,50.0,0.3872020060009616,0.027573529411764705,0.025950512975256558,0,MA_Cross,
2026-03-10 08:55:09.089571,SIMP.JK,595.0,550.7142857142857,617.1428571428571,59.25925925925926,2.4659344923281963,0.03721488595438175,0.009425878320479864,0,MA_Cross,
2026-03-10 08:55:09.118764,SKBM.JK,755.0,422.85714285714283,921.0714285714286,55.55555555555556,0.3357059964556686,0.21996215704824978,0.16550206242689153,0,MA_Cross,
2026-03-10 08:55:09.731806,TAPG.JK,1725.0,1562.857142857143,1806.0714285714287,69.17808219178082,2.134478995476934,0.04699792960662526,0.01526091237282573,0,MA_Cross,
2026-03-10 08:55:09.959937,TCPI.JK,11125.0,10103.57142857143,11635.714285714286,50.39370078740157,0.2790203365346509,0.045906902086677366,0.09208415888291348,0,MA_Cross,
2026-03-10 08:55:10.174888,TKIM.JK,8725.0,6992.857142857143,9591.07142857143,59.006211180124225,1.1126509465978753,0.09926320098239869,0.07084537118452455,0,MA_Cross,
2026-03-10 08:55:10.808270,UNTR.JK,29575.0,27539.285714285714,30592.85714285714,51.19453924914675,0.7871256504494014,0.03441613331723222,0.006530843431396107,0,MA_Cross,
2026-03-10 08:55:11.290507,WIIM.JK,2000.0,1747.142857142857,2126.4285714285716,46.31578947368421,1.6052866930851641,0.06321428571428571,0.08741830065359477,0,MA_Cross,
2026-03-10 08:55:11.537887,YULE.JK,3360.0,2948.5714285714284,3565.714285714286,75.0,0.11973487278169767,0.06122448979591837,0.01726565848282621,0,MA_Cross,
2026-03-10 10:21:14.890197,AADI.JK,10125.0,9057.142857142857,10658.92857142857,66.66666666666666,0.08675969868725057,0.0527336860670194,0.13371742277992277,0,MA_Cross,
2026-03-10 10:21:15.135838,ABMM.JK,2990.0,2810.0,3080.0,59.57446808510638,0.2907735510834184,0.030100334448160536,0.011294345898004403,0,MA_Cross,
2026-03-10 10:21:15.764266,ADMR.JK,1950.0,1710.7142857142858,2069.6428571428573,48.85496183206107,0.09512810011841233,0.06135531135531135,0.04294638209266007,0,MA_Cross,
2026-03-10 10:21:15.882760,ADRO.JK,2360.0,2180.0,2450.0,59.64912280701755,0.06916908352501079,0.038135593220338986,0.06026328077830296,0,MA_Cross,
2026-03-10 10:21:16.380037,AKKU.JK,39.0,33.857142857142854,41.57142857142857,53.846153846153854,0.412194007030154,0.06593406593406594,-0.006596306068601583,0,MA_Cross,
2026-03-10 10:21:16.782792,ALKA.JK,505.0,358.57142857142856,578.2142857142857,45.94155844155844,0.4211225354370377,0.14497878359264496,0.1154076141120192,0,MA_Cross,
2026-03-10 10:21:19.730195,BIPI.JK,260.0,186.85714285714286,296.57142857142856,56.115107913669064,0.11141557246401881,0.14065934065934066,0.22969659822249464,0,MA_Cross,
2026-03-10 10:21:20.836670,BSSR.JK,3940.0,3864.285714285714,3977.8571428571427,55.17241379310345,0.16147865747163145,0.00960841189267585,0.005153945242606829,0,MA_Cross,
2026-03-10 10:21:22.762215,DGNS.JK,320.0,272.2857142857143,343.85714285714283,56.45161290322581,0.05525205890378596,0.07455357142857143,0.1288911569585187,0,MA_Cross,
2026-03-10 10:21:23.860617,ELSA.JK,790.0,637.8571428571429,866.0714285714286,48.45360824742268,0.3306825569809881,0.09629294755877034,0.21858142154247437,0,MA_Cross,
2026-03-10 10:21:24.127710,ENRG.JK,1645.0,1185.0,1875.0,53.442622950819676,0.1316023053233935,0.1398176291793313,0.06873184898354308,0,MA_Cross,
2026-03-10 10:21:24.331631,ESSA.JK,730.0,623.5714285714286,783.2142857142857,66.66666666666666,0.21492745566381496,0.07289628180039139,0.021739130434782608,0,MA_Cross,
2026-03-10 10:21:26.076384,HRTA.JK,2630.0,2187.1428571428573,2851.4285714285716,51.0948905109489,0.06222257742172295,0.0841933731667572,0.11799504356863051,0,MA_Cross,
2026-03-10 10:21:26.357106,ICON.JK,121.0,81.28571428571428,140.85714285714286,61.666666666666664,0.0644591622414203,0.1641086186540732,0.13695229872652706,0,MA_Cross,
2026-03-10 10:21:27.483585,INDY.JK,3730.0,3131.4285714285716,4029.285714285714,48.14814814814815,0.04088618694627724,0.08023745691306013,0.12991959373677534,0,MA_Cross,
2026-03-10 10:21:27.738099,INPS.JK,655.0,549.4285714285714,707.7857142857143,68.20027063599458,0.12261361445008678,0.08058887677208287,0.1268545994065281,0,MA_Cross,
2026-03-10 10:21:28.276783,ISSP.JK,480.0,423.57142857142856,508.2142857142857,45.79439252336448,0.0323850443485364,0.058779761904761904,0.06700678819963293,0,MA_Cross,
2026-03-10 10:21:28.854691,JRPT.JK,1105.0,1055.7142857142858,1129.642857142857,55.99999999999999,0.0022865853658536584,0.022301228183581125,0.015856139053254524,0,MA_Cross,
2026-03-10 10:21:29.896891,KKGI.JK,364.0,332.2857142857143,379.85714285714283,68.62745098039215,0.8066005489697882,0.04356357927786499,-0.009006339989334658,0,MA_Cross,
2026-03-10 10:21:31.510939,MAIN.JK,840.0,759.2857142857143,880.3571428571429,61.01694915254238,0.029541648403712213,0.04804421768707483,-0.014992596248766013,0,MA_Cross,
2026-03-10 10:21:32.160850,MDKA.JK,3440.0,2940.0,3690.0,53.55450236966824,0.18369115452062737,0.07267441860465117,0.12058993637941012,0,MA_Cross,
2026-03-10 10:21:32.340520,MEDC.JK,1645.0,1365.0,1785.0,47.64705882352941,0.20480384151925254,0.0851063829787234,0.09439234326824258,0,MA_Cross,
2026-03-10 10:21:32.390277,MEGA.JK,3930.0,3030.714285714286,4379.642857142857,59.63855421686747,0.006530892841797714,0.11441294074881862,0.1060264714165024,0,MA_Cross,
2026-03-10 10:21:33.416834,MSIN.JK,505.0,394.0,560.5,50.0,0.16139483726459578,0.1099009900990099,0.10236394107788648,0,MA_Cross,
2026-03-10 10:21:34.825854,OMRE.JK,880.0,737.8571428571429,951.0714285714286,60.37735849056604,2.080217539089055,0.08076298701298701,0.23978770811413014,0,MA_Cross,
2026-03-10 10:21:35.046420,PANS.JK,1705.0,1602.857142857143,1756.0714285714287,64.1025641025641,0.06030359742150135,0.029953917050691243,0.05605889014722531,0,MA_Cross,
2026-03-10 10:21:35.976499,POWR.JK,730.0,685.7142857142857,752.1428571428571,60.869565217391305,0.0498801657817031,0.030332681017612523,0.01081764540601299,0,MA_Cross,
2026-03-10 10:21:36.532895,PTBA.JK,2920.0,2741.4285714285716,3009.285714285714,70.83333333333334,0.058065371674573416,0.030577299412915853,0.06253437033545439,0,MA_Cross,
2026-03-10 10:21:37.108271,RALS.JK,476.0,440.85714285714283,493.57142857142856,38.759689922480625,0.09547434191135415,0.03691476590636255,0.062046615444048644,0,MA_Cross,
2026-03-10 10:21:37.186905,RDTX.JK,16250.0,15107.142857142857,16821.428571428572,60.416666666666664,0.05519779208831647,0.035164835164835165,0.052883486030250754,0,MA_Cross,
2026-03-10 10:21:38.414375,SILO.JK,2710.0,2572.8571428571427,2778.5714285714284,44.1860465116279,0.022808363066457702,0.025303110173958882,0.022264918625678084,0,MA_Cross,
2026-03-10 10:21:38.500685,SIMP.JK,605.0,561.4285714285714,626.7857142857143,57.692307692307686,0.06904369732451357,0.03600944510035419,0.01103884990587035,0,MA_Cross,
2026-03-10 10:21:38.585647,SKBM.JK,685.0,345.0,855.0,53.71900826446281,0.36057951314927933,0.24817518248175183,0.1714089031665901,0,MA_Cross,
2026-03-10 10:21:39.881330,TAPG.JK,1745.0,1584.2857142857142,1825.357142857143,68.75,0.05633406391789654,0.04604993860008187,0.019857367181366072,0,MA_Cross,
2026-03-10 10:21:40.276911,TCPI.JK,11200.0,10200.0,11700.0,51.53846153846153,0.001598734178703215,0.044642857142857144,0.08795644419412373,0,MA_Cross,
2026-03-10 10:21:40.624803,TKIM.JK,8900.0,7107.142857142857,9796.42857142857,60.42944785276074,0.09683243065813228,0.1007223113964687,0.07795009692952286,0,MA_Cross,
2026-03-10 10:21:41.432434,UNTR.JK,29850.0,27842.85714285714,30853.571428571428,49.11032028469751,0.09104110493484388,0.033620483369227086,0.01241761636688178,0,MA_Cross,
2026-03-10 10:21:42.159579,WIIM.JK,2040.0,1795.7142857142858,2162.1428571428573,50.0,0.11478080919129767,0.05987394957983193,0.08197431868667711,0,MA_Cross,
2026-03-10 10:21:42.438805,YULE.JK,3360.0,2948.5714285714284,3565.714285714286,75.0,0.11973487278169767,0.06122448979591837,0.01726565848282621,0,MA_Cross,
2026-03-10 11:49:35.155101,AADI.JK,10225.0,9150.0,10762.5,68.53146853146853,0.29592643345695047,0.05256723716381418,0.13404704463208686,0,MA_Cross,
2026-03-10 11:49:35.500507,ADRO.JK,2340.0,2154.285714285714,2432.8571428571427,57.89473684210526,0.239241320702899,0.03968253968253969,0.0599993032787519,0,MA_Cross,
2026-03-10 11:49:35.888975,ALKA.JK,545.0,394.1428571428571,620.4285714285714,49.13194444444445,1.6098555119994407,0.1384010484927916,0.11761194029850751,0,MA_Cross,
2026-03-10 11:49:37.451673,BFIN.JK,750.0,692.8571428571429,778.5714285714286,59.523809523809526,0.21770513385943485,0.0380952380952381,0.024233637116818495,0,MA_Cross,
2026-03-10 11:49:37.574260,BIPI.JK,254.0,180.85714285714286,290.57142857142856,55.147058823529406,0.3669643219113731,0.14398200224971877,0.22891750996626797,0,MA_Cross,
2026-03-10 11:49:38.624011,BSSR.JK,3950.0,3871.4285714285716,3989.285714285714,57.142857142857146,0.4219359413780877,0.009945750452079566,0.005230387551087252,0,MA_Cross,
2026-03-10 11:49:39.520164,CNKO.JK,69.0,60.57142857142857,73.21428571428571,56.60377358490566,0.1959082548961088,0.061076604554865424,-0.02420574886535544,0,MA_Cross,
2026-03-10 11:49:40.015417,DGNS.JK,318.0,270.0,342.0,55.55555555555556,0.10262303528135008,0.07547169811320754,0.12869121399927091,0,MA_Cross,
2026-03-10 11:49:40.567889,ELSA.JK,815.0,660.7142857142858,892.1428571428571,51.086956521739125,1.0098497541364562,0.09465381244522349,0.21953025501288395,0,MA_Cross,
2026-03-10 11:49:40.684419,ENRG.JK,1730.0,1264.2857142857142,1962.857142857143,56.0126582278481,0.5099048236920962,0.13459950454170108,0.07030041258380605,0,MA_Cross,
2026-03-10 11:49:40.783413,ESSA.JK,740.0,631.4285714285714,794.2857142857143,68.75,0.7269832784114169,0.07335907335907335,0.022190025926490702,0,MA_Cross,
2026-03-10 11:49:41.779428,HRTA.JK,2650.0,2204.285714285714,2872.8571428571427,51.79856115107915,0.28671319245921684,0.08409703504043127,0.1182159699464472,0,MA_Cross,
2026-03-10 11:49:41.948842,ICON.JK,118.0,78.0,138.0,60.3305785123967,0.1663744589639883,0.1694915254237288,0.13606911447084244,0,MA_Cross,
2026-03-10 11:49:42.351239,INDY.JK,3790.0,3180.0,4095.0,49.743589743589745,0.20268448253312799,0.08047493403693931,0.1304163896778872,0,MA_Cross,
2026-03-10 11:49:42.446305,INPS.JK,590.0,475.1428571428571,647.4285714285714,62.68656716417911,0.3817967972496155,0.0973365617433414,0.1403527144772119,0,MA_Cross,
2026-03-10 11:49:42.652447,ISSP.JK,484.0,426.42857142857144,512.7857142857143,46.78899082568807,0.298652857303779,0.059474616292798106,0.06725146198830408,0,MA_Cross,
2026-03-10 11:49:42.964024,JRPT.JK,1110.0,1058.5714285714287,1135.7142857142858,57.692307692307686,0.0592817784533536,0.02316602316602317,0.01599334381066835,0,MA_Cross,
2026-03-10 11:49:43.407179,KKGI.JK,366.0,334.2857142857143,381.85714285714283,70.0,1.8463844994289234,0.04332552693208431,-0.008827537176372894,0,MA_Cross,
2026-03-10 11:49:44.110653,MAIN.JK,845.0,764.2857142857143,885.3571428571429,61.666666666666664,0.10738400697554396,0.047759932375316984,-0.014805675508945095,0,MA_Cross,
2026-03-10 11:49:44.441827,MDKA.JK,3440.0,2940.0,3690.0,53.55450236966824,0.3925752365897835,0.07267441860465117,0.12058993637941012,0,MA_Cross,
2026-03-10 11:49:44.543537,MEDC.JK,1715.0,1429.2857142857142,1857.857142857143,51.807228915662655,0.5721082460104341,0.08329862557267806,0.09565524322936719,0,MA_Cross,
2026-03-10 11:49:44.607558,MEGA.JK,4100.0,3170.714285714286,4564.642857142857,61.60458452722063,0.06135915674008056,0.11332752613240418,0.10735989196488856,0,MA_Cross,
2026-03-10 11:49:45.208853,MSIN.JK,498.0,386.1428571428571,553.9285714285714,49.195402298850574,0.3146279127845824,0.11230636833046471,0.10193232452463943,0,MA_Cross,
2026-03-10 11:49:45.906232,OMRE.JK,795.0,650.7142857142858,867.1428571428571,50.617283950617285,0.10973936899862825,0.09074573225516622,0.23015994372916598,0,MA_Cross,
2026-03-10 11:49:46.068296,PANS.JK,1665.0,1562.142857142857,1716.4285714285713,60.0,0.09433744666128474,0.03088803088803089,0.055331738637794343,0,MA_Cross,
2026-03-10 11:49:46.697473,POWR.JK,740.0,695.7142857142857,762.1428571428571,64.0,0.20793677692084372,0.029922779922779922,0.011235955056179775,0,MA_Cross,
2026-03-10 11:49:46.911497,PTBA.JK,2930.0,2748.5714285714284,3020.714285714286,71.83098591549296,0.2553851595834838,0.030960507069722084,0.06264728986645719,0,MA_Cross,
2026-03-10 11:49:47.119366,RALS.JK,474.0,438.57142857142856,491.7142857142857,37.79527559055118,0.2962699317660721,0.03737191078963231,0.06192315947628252,0,MA_Cross,
2026-03-10 11:49:47.155416,RDTX.JK,16900.0,15714.285714285714,17492.85714285714,68.90243902439025,0.00925497454881999,0.03508030431107354,0.051278216290553846,0,MA_Cross,
2026-03-10 11:49:47.595706,SILO.JK,2740.0,2600.0,2810.0,47.72727272727273,0.19203047095076242,0.025547445255474453,0.022598870056497175,0,MA_Cross,
2026-03-10 11:49:47.622362,SIMP.JK,605.0,561.4285714285714,626.7857142857143,57.692307692307686,0.3474509850642626,0.03600944510035419,0.01103884990587035,0,MA_Cross,
2026-03-10 11:49:48.076008,TAPG.JK,1650.0,1478.5714285714287,1735.7142857142858,61.29032258064516,0.6298105252926561,0.051948051948051945,0.018015067147068457,0,MA_Cross,
2026-03-10 11:49:48.239897,TCPI.JK,10825.0,9778.57142857143,11348.214285714286,46.043165467625904,0.13524117347582193,0.04833388320686242,0.08696162697853553,0,MA_Cross,
2026-03-10 11:49:48.380617,TKIM.JK,9350.0,7550.0,10250.0,62.50000000000001,0.36655549628740924,0.0962566844919786,0.07954900368542694,0,MA_Cross,
2026-03-10 11:49:48.801553,UNTR.JK,29900.0,27892.85714285714,30903.571428571428,49.46996466431095,0.23889614940242818,0.03356426182513139,0.012468678131328733,0,MA_Cross,
2026-03-10 11:49:49.105436,WIIM.JK,2030.0,1784.2857142857142,2152.8571428571427,49.473684210526315,0.31750715433217647,0.06052076002814919,0.08182064481170415,0,MA_Cross,
2026-03-10 11:49:49.286862,YULE.JK,3360.0,2960.0,3560.0,75.0,4.3468052993459665,0.05952380952380952,0.013781328129763954,0,MA_Cross,
2026-03-12 12:44:40.976466,AADI.JK,10300.0,9153.57142857143,10873.214285714286,62.264150943396224,0.7968909578913025,0.05565187239944521,0.1406064209274673,0,MA_Cross,
2026-03-12 12:44:41.377704,ADRO.JK,2490.0,2288.5714285714284,2590.714285714286,63.38028169014085,1.0006800621129632,0.040447504302925985,0.06004116416791214,0,MA_Cross,
2026-03-12 12:44:41.405929,AGII.JK,3200.0,2795.714285714286,3402.1428571428573,55.4054054054054,0.2651905604300358,0.06316964285714285,0.33537320766516293,0,MA_Cross,
2026-03-12 12:44:41.684780,ALKA.JK,1090.0,880.5714285714286,1194.7142857142858,74.14772727272728,3.049340364220885,0.09606815203145477,0.1466186670687577,0,MA_Cross,
2026-03-12 12:44:41.740619,AMAN.JK,308.0,232.0,346.0,45.0,0.3600049503273369,0.12337662337662338,0.165522900193943,0,MA_Cross,
2026-03-12 12:44:43.352075,BIPI.JK,228.0,156.0,264.0,50.0,0.1906252375447529,0.15789473684210525,0.23683164380838798,0,MA_Cross,
2026-03-12 12:44:44.088576,BSSR.JK,3980.0,3898.5714285714284,4020.714285714286,61.29032258064516,0.6764568328500608,0.010229720028715004,0.005853762446314093,0,MA_Cross,
2026-03-12 12:44:44.825426,COCO.JK,382.0,326.2857142857143,409.85714285714283,59.53757225433526,2.95808164213507,0.07292445774121167,-0.05772148943620879,0,MA_Cross,
2026-03-12 12:44:45.133698,DGNS.JK,302.0,253.14285714285714,326.42857142857144,49.27536231884058,0.06357526361453791,0.08088930936613055,0.11099137931034496,0,MA_Cross,
2026-03-12 12:44:45.723386,ELSA.JK,765.0,612.1428571428571,841.4285714285714,46.666666666666664,0.4254767579728456,0.09990662931839403,0.20179686132664373,0,MA_Cross,
2026-03-12 12:44:45.833898,ENRG.JK,1575.0,1124.2857142857142,1800.357142857143,46.25407166123779,0.3700463768375336,0.14308390022675738,0.09334791559444153,0,MA_Cross,
2026-03-12 12:44:45.918109,ESSA.JK,745.0,634.2857142857143,800.3571428571429,66.19718309859155,0.3057628297828377,0.07430488974113135,0.03335860500379075,0,MA_Cross,
2026-03-12 12:44:46.435169,GOOD.JK,358.0,337.14285714285717,368.42857142857144,56.52173913043478,1.7854914452727333,0.02913008778930567,-0.008138351983723284,0,MA_Cross,
2026-03-12 12:44:46.870634,HRTA.JK,2610.0,2165.714285714286,2832.1428571428573,44.92753623188406,0.13655498622460266,0.08511220580186098,0.11626529806553494,0,MA_Cross,
2026-03-12 12:44:47.042778,ICON.JK,108.0,61.285714285714285,131.35714285714286,53.07692307692308,0.5026681563071729,0.21626984126984128,0.14833297940114673,0,MA_Cross,
2026-03-12 12:44:47.492493,INDY.JK,3690.0,3025.714285714286,4022.1428571428573,49.333333333333336,0.1956742733748609,0.09001161440185831,0.1185655762037642,0,MA_Cross,
2026-03-12 12:44:47.589386,INPS.JK,705.0,579.1428571428571,767.9285714285714,65.9477866061294,0.5106246218995766,0.08926038500506586,0.18459065755208337,0,MA_Cross,
2026-03-12 12:44:47.793147,ISSP.JK,488.0,433.85714285714283,515.0714285714286,41.23222748815166,0.09024573527449452,0.055474238875878226,0.06888134154107406,0,MA_Cross,
2026-03-12 12:44:47.851794,ITMG.JK,27450.0,25414.285714285714,28467.85714285714,76.2532981530343,0.8389967628142957,0.03708040593286495,0.05391088245552843,0,MA_Cross,
2026-03-12 12:44:48.001124,JRPT.JK,1100.0,1044.2857142857142,1127.857142857143,51.85185185185185,0.3304997219353301,0.025324675324675326,0.01740696278511396,0,MA_Cross,
2026-03-12 12:44:48.434624,KKGI.JK,358.0,323.14285714285717,375.42857142857144,61.904761904761905,0.60707284099431,0.048683160415003986,-0.0023057821922666806,0,MA_Cross,
2026-03-12 12:44:49.122992,MAIN.JK,860.0,774.2857142857143,902.8571428571429,62.50000000000001,0.0979823948720235,0.04983388704318936,-0.002152521525215252,0,MA_Cross,
2026-03-12 12:44:49.504144,MDKA.JK,3320.0,2848.5714285714284,3555.714285714286,43.41463414634146,0.2778862806030158,0.07099827882960413,0.11436625071261161,0,MA_Cross,
2026-03-12 12:44:49.590645,MEDC.JK,1740.0,1465.7142857142858,1877.142857142857,50.53763440860215,0.35663147492198527,0.07881773399014778,0.0966973642426167,0,MA_Cross,
2026-03-12 12:44:49.623476,MEGA.JK,4060.0,3115.0,4532.5,61.06194690265487,0.07835720075655228,0.11637931034482758,0.11814581357728562,0,MA_Cross,
2026-03-12 12:44:50.120358,MSIN.JK,545.0,427.57142857142856,603.7142857142857,53.52112676056338,0.6546823525962873,0.10773263433813893,0.13043668504419373,0,MA_Cross,
2026-03-12 12:44:50.611831,NOBU.JK,595.0,485.7142857142857,649.6428571428571,40.86021505376344,0.11871658870642393,0.09183673469387756,0.056860545079445435,0,MA_Cross,
2026-03-12 12:44:50.862672,PANS.JK,1700.0,1622.142857142857,1738.9285714285713,40.0,0.020621423109895967,0.022899159663865548,0.05911252972837655,0,MA_Cross,
2026-03-12 12:44:51.293332,POWR.JK,730.0,683.5714285714286,753.2142857142857,59.25925925925926,0.22038747236168527,0.031800391389432484,0.014091418956814292,0,MA_Cross,
2026-03-12 12:44:51.538483,PTBA.JK,2910.0,2720.0,3005.0,68.83116883116882,0.27579500979201416,0.03264604810996564,0.0648436284425081,0,MA_Cross,
2026-03-12 12:44:51.841055,RDTX.JK,16200.0,15032.142857142857,16783.928571428572,63.12849162011173,0.14807502467917077,0.036044973544973546,0.04749253552526774,0,MA_Cross,
2026-03-12 12:44:52.388101,SILO.JK,2760.0,2595.714285714286,2842.1428571428573,56.25,0.13926325247079965,0.02976190476190476,0.019186002853495497,0,MA_Cross,
2026-03-12 12:44:52.418365,SIMP.JK,600.0,556.4285714285714,621.7857142857143,50.0,0.23120389206593944,0.036309523809523805,0.011101622544833475,0,MA_Cross,
2026-03-12 12:44:52.968048,TAPG.JK,1710.0,1524.2857142857142,1802.857142857143,65.2439024390244,0.5145017434941765,0.05430242272347536,0.02666058275210227,0,MA_Cross,
2026-03-12 12:44:53.158506,TCPI.JK,11650.0,10578.57142857143,12185.714285714286,50.78125,0.7939632545931758,0.045984058859595334,0.08386002416581467,0,MA_Cross,
2026-03-12 12:44:53.336041,TKIM.JK,8900.0,6957.142857142857,9871.42857142857,58.743169398907106,0.12425719360104046,0.10914927768860354,0.09229008105934039,0,MA_Cross,
2026-03-12 12:44:53.761285,ULTJ.JK,1605.0,1459.2857142857142,1677.857142857143,44.79166666666667,0.6007731852388574,0.04539385847797063,0.04311818062311023,0,MA_Cross,
2026-03-12 12:44:53.793100,UNTR.JK,29400.0,27325.0,30437.5,41.01694915254237,0.20850633399161891,0.0352891156462585,0.020040889255403222,0,MA_Cross,
2026-03-12 12:44:54.190724,WIIM.JK,1965.0,1721.4285714285713,2086.785714285714,45.77114427860696,0.2306686201015848,0.06197746274082152,0.07035566761439842,0,MA_Cross,
2026-03-12 12:44:54.393183,YULE.JK,3360.0,2970.0,3555.0,70.0,0.639060971633518,0.05803571428571429,0.01331180699402943,0,MA_Cross,
2026-03-12 15:13:23.107775,AADI.JK,10300.0,9153.57142857143,10873.214285714286,62.264150943396224,0.9050018567770423,0.05565187239944521,0.1406064209274673,0,MA_Cross,
2026-03-12 15:13:23.493751,ADRO.JK,2500.0,2298.5714285714284,2600.714285714286,63.888888888888886,1.1808554763501873,0.040285714285714286,0.06017153166274702,0,MA_Cross,
2026-03-12 15:13:23.538254,AGII.JK,3200.0,2795.714285714286,3402.1428571428573,55.4054054054054,0.2916489181602717,0.06316964285714285,0.33537320766516293,0,MA_Cross,
2026-03-12 15:13:23.891829,ALKA.JK,1090.0,880.5714285714286,1194.7142857142858,74.14772727272728,3.2656505213615006,0.09606815203145477,0.1466186670687577,0,MA_Cross,
2026-03-12 15:13:23.951216,AMAN.JK,316.0,239.42857142857144,354.2857142857143,46.721311475409834,0.4681186076493339,0.12115732368896925,0.1663187714328314,0,MA_Cross,
2026-03-12 15:13:26.320652,BIPI.JK,226.0,154.0,262.0,49.59349593495935,0.21427603131866008,0.1592920353982301,0.23658051689860848,0,MA_Cross,
2026-03-12 15:13:27.472449,BSSR.JK,3980.0,3897.1428571428573,4021.4285714285716,61.29032258064516,0.7299896461984758,0.0104091888011486,0.005853762446314093,0,MA_Cross,
2026-03-12 15:13:28.886177,DGNS.JK,304.0,255.14285714285714,328.42857142857144,50.0,0.06654867256637167,0.08035714285714285,0.11119092084470615,0,MA_Cross,
2026-03-12 15:13:29.663457,ELSA.JK,755.0,602.1428571428571,831.4285714285714,45.631067961165044,0.4857487486169735,0.1012298959318827,0.20141806722689065,0,MA_Cross,
2026-03-12 15:13:29.869770,ESSA.JK,750.0,637.8571428571429,806.0714285714286,66.66666666666666,0.4196101831055027,0.07476190476190477,0.033580958156458424,0,MA_Cross,
2026-03-12 15:13:30.326449,GOOD.JK,358.0,337.14285714285717,368.42857142857144,56.52173913043478,2.1221937501007266,0.02913008778930567,-0.008138351983723284,0,MA_Cross,
2026-03-12 15:13:30.921891,HRTA.JK,2600.0,2155.714285714286,2822.1428571428573,44.60431654676259,0.16428631797303644,0.08543956043956044,0.11615603284902076,0,MA_Cross,
2026-03-12 15:13:31.082006,ICON.JK,105.0,58.285714285714285,128.35714285714286,51.8796992481203,0.5332398747489216,0.22244897959183674,0.14747131321716953,0,MA_Cross,
2026-03-12 15:13:31.118135,IDPR.JK,306.0,287.42857142857144,315.2857142857143,61.76470588235294,0.21131862112832836,0.030345471521942113,0.029763580073177524,0,MA_Cross,
2026-03-12 15:13:31.460538,INDY.JK,3670.0,3005.714285714286,4002.1428571428573,48.89867841409691,0.22165206797974318,0.09050214091086026,0.1184015200997566,0,MA_Cross,
2026-03-12 15:13:31.543620,INPS.JK,705.0,579.1428571428571,767.9285714285714,65.9477866061294,0.5220397906550532,0.08926038500506586,0.18459065755208337,0,MA_Cross,
2026-03-12 15:13:31.721280,ISSP.JK,488.0,433.85714285714283,515.0714285714286,41.23222748815166,0.10551006766749767,0.055474238875878226,0.06888134154107406,0,MA_Cross,
2026-03-12 15:13:31.773900,ITMG.JK,27750.0,25700.0,28775.0,76.98209718670077,1.0340244611893041,0.036936936936936934,0.054289076802371196,0,MA_Cross,
2026-03-12 15:13:31.911209,JRPT.JK,1110.0,1054.2857142857142,1137.857142857143,55.99999999999999,0.48630541871921185,0.0250965250965251,0.017680731234419808,0,MA_Cross,
2026-03-12 15:13:32.324870,KKGI.JK,356.0,321.14285714285717,373.42857142857144,61.29032258064516,0.6883703379441553,0.048956661316211875,-0.0024834437086093657,0,MA_Cross,
2026-03-12 15:13:33.250909,MAIN.JK,855.0,769.2857142857143,897.8571428571429,61.53846153846154,0.17563575133688192,0.05012531328320802,-0.002337310862344664,0,MA_Cross,
2026-03-12 15:13:33.843013,MDKA.JK,3320.0,2848.5714285714284,3555.714285714286,43.41463414634146,0.34810969392996394,0.07099827882960413,0.11436625071261161,0,MA_Cross,
2026-03-12 15:13:34.124865,MEDC.JK,1730.0,1455.7142857142858,1867.142857142857,50.0,0.41628960216332683,0.07927332782824112,0.09651908784856765,0,MA_Cross,
2026-03-12 15:13:34.157264,MEGA.JK,4060.0,3115.0,4532.5,61.06194690265487,0.09550002530919399,0.11637931034482758,0.11814581357728562,0,MA_Cross,
2026-03-12 15:13:34.613415,MSIN.JK,545.0,427.57142857142856,603.7142857142857,53.52112676056338,0.6951163067690289,0.10773263433813893,0.13043668504419373,0,MA_Cross,
2026-03-12 15:13:35.097195,NOBU.JK,595.0,483.57142857142856,650.7142857142857,40.86021505376344,0.2346434730768412,0.0936374549819928,0.056860545079445435,0,MA_Cross,
2026-03-12 15:13:35.329225,PANS.JK,1680.0,1602.142857142857,1718.9285714285713,35.55555555555556,0.03958333333333333,0.023171768707482995,0.05875172154751465,0,MA_Cross,
2026-03-12 15:13:35.686629,POWR.JK,730.0,683.5714285714286,753.2142857142857,59.25925925925926,0.24408944582133313,0.031800391389432484,0.014091418956814292,0,MA_Cross,
2026-03-12 15:13:35.922859,PTBA.JK,2910.0,2720.0,3005.0,68.83116883116882,0.33044297503358516,0.03264604810996564,0.0648436284425081,0,MA_Cross,
2026-03-12 15:13:36.170246,RDTX.JK,16000.0,14832.142857142857,16583.928571428572,60.42780748663102,0.14807502467917077,0.036495535714285716,0.04711372095594211,0,MA_Cross,
2026-03-12 15:13:36.641890,SILO.JK,2760.0,2595.714285714286,2842.1428571428573,56.25,0.2020151760169175,0.02976190476190476,0.019186002853495497,0,MA_Cross,
2026-03-12 15:13:36.674442,SIMP.JK,600.0,556.4285714285714,621.7857142857143,50.0,0.27200048538289634,0.036309523809523805,0.011101622544833475,0,MA_Cross,
2026-03-12 15:13:37.214343,TAPG.JK,1715.0,1529.2857142857142,1807.857142857143,65.45454545454545,0.6171303119011465,0.054144106622240736,0.026756615825837538,0,MA_Cross,
2026-03-12 15:13:37.475422,TCPI.JK,11700.0,10621.42857142857,12239.285714285714,51.53846153846153,1.037167487516168,0.046092796092796096,0.08399163568773234,0,MA_Cross,
2026-03-12 15:13:37.614387,TKIM.JK,8750.0,6807.142857142857,9721.42857142857,57.79569892473119,0.15154716636331672,0.1110204081632653,0.09176725471990096,0,MA_Cross,
2026-03-12 15:13:38.014726,ULTJ.JK,1615.0,1469.2857142857142,1687.857142857143,45.91836734693878,0.6698994876594095,0.04511278195488722,0.043309674027339706,0,MA_Cross,
2026-03-12 15:13:38.050372,UNTR.JK,29325.0,27250.0,30362.5,40.410958904109584,0.2684963398213226,0.035379369138959935,0.0199646066353968,0,MA_Cross,
2026-03-12 15:13:38.380541,WIIM.JK,1955.0,1711.4285714285713,2076.785714285714,45.320197044334975,0.3045818503289852,0.06229448301059554,0.07020226406996079,0,MA_Cross,
2026-03-12 15:13:38.558429,YULE.JK,3350.0,2958.5714285714284,3545.714285714286,63.63636363636363,0.006581112207963146,0.05842217484008529,0.013460015835312691,0,MA_Cross,
2026-03-12 15:17:50.382608,AADI.JK,10275.0,9128.57142857143,10848.214285714286,62.0253164556962,0.9120902552968772,0.055787278415015636,0.14052559605208395,0,MA_Cross,
2026-03-12 15:17:50.789211,ADRO.JK,2490.0,2288.5714285714284,2590.714285714286,63.38028169014085,1.1854237761354176,0.040447504302925985,0.06004116416791214,0,MA_Cross,
2026-03-12 15:17:50.822921,AGII.JK,3200.0,2795.714285714286,3402.1428571428573,55.4054054054054,0.2916489181602717,0.06316964285714285,0.33537320766516293,0,MA_Cross,
2026-03-12 15:17:51.119989,ALKA.JK,1090.0,880.5714285714286,1194.7142857142858,74.14772727272728,3.266362971363107,0.09606815203145477,0.1466186670687577,0,MA_Cross,
2026-03-12 15:17:51.199192,AMAN.JK,318.0,241.42857142857144,356.2857142857143,47.15447154471545,0.4782528021551339,0.12039532794249776,0.16651759093619561,0,MA_Cross,
2026-03-12 15:17:53.158378,BIPI.JK,226.0,154.0,262.0,49.59349593495935,0.21497094868360045,0.1592920353982301,0.23658051689860848,0,MA_Cross,
2026-03-12 15:17:53.951169,BSSR.JK,3980.0,3897.1428571428573,4021.4285714285716,61.29032258064516,0.7312477848042234,0.0104091888011486,0.005853762446314093,0,MA_Cross,
2026-03-12 15:17:55.308721,DGNS.JK,304.0,255.14285714285714,328.42857142857144,50.0,0.06654867256637167,0.08035714285714285,0.11119092084470615,0,MA_Cross,
2026-03-12 15:17:55.875587,ELSA.JK,755.0,602.1428571428571,831.4285714285714,45.631067961165044,0.49285430438420846,0.1012298959318827,0.20141806722689065,0,MA_Cross,
2026-03-12 15:17:56.079523,ESSA.JK,750.0,637.8571428571429,806.0714285714286,66.66666666666666,0.42853650636074864,0.07476190476190477,0.033580958156458424,0,MA_Cross,
2026-03-12 15:17:57.014581,HRTA.JK,2600.0,2155.714285714286,2822.1428571428573,44.60431654676259,0.16459137967884616,0.08543956043956044,0.11615603284902076,0,MA_Cross,
2026-03-12 15:17:57.190566,ICON.JK,106.0,59.285714285714285,129.35714285714286,52.27272727272727,0.5343288091964222,0.22035040431266847,0.14775865731888674,0,MA_Cross,
2026-03-12 15:17:57.223167,IDPR.JK,306.0,287.42857142857144,315.2857142857143,61.76470588235294,0.21131862112832836,0.030345471521942113,0.029763580073177524,0,MA_Cross,
2026-03-12 15:17:57.634363,INDY.JK,3660.0,2995.714285714286,3992.1428571428573,48.684210526315795,0.2223645332872093,0.09074941451990633,0.11831947743467934,0,MA_Cross,
2026-03-12 15:17:57.720315,INPS.JK,705.0,579.1428571428571,767.9285714285714,65.9477866061294,0.5220397906550532,0.08926038500506586,0.18459065755208337,0,MA_Cross,
2026-03-12 15:17:57.931042,ISSP.JK,486.0,431.85714285714283,513.0714285714286,40.84507042253521,0.10585909196969139,0.05570252792475015,0.06875981828217209,0,MA_Cross,
2026-03-12 15:17:57.992068,ITMG.JK,27750.0,25700.0,28775.0,76.98209718670077,1.0445941551539693,0.036936936936936934,0.054289076802371196,0,MA_Cross,
2026-03-12 15:17:58.148317,JRPT.JK,1110.0,1054.2857142857142,1137.857142857143,55.99999999999999,0.48630541871921185,0.0250965250965251,0.017680731234419808,0,MA_Cross,
2026-03-12 15:17:58.534661,KKGI.JK,354.0,319.14285714285717,371.42857142857144,60.65573770491804,0.692470698320116,0.049233252623083125,-0.0026611472501477744,0,MA_Cross,
2026-03-12 15:17:59.201588,MAIN.JK,855.0,769.2857142857143,897.8571428571429,61.53846153846154,0.17563575133688192,0.05012531328320802,-0.002337310862344664,0,MA_Cross,
2026-03-12 15:17:59.593534,MDKA.JK,3310.0,2838.5714285714284,3545.714285714286,43.20388349514563,0.352986368417284,0.0712127751402676,0.1142784745977449,0,MA_Cross,
2026-03-12 15:17:59.683562,MEDC.JK,1735.0,1460.7142857142858,1872.142857142857,50.270270270270274,0.4180713791562228,0.07904487443392343,0.09660823170731701,0,MA_Cross,
2026-03-12 15:17:59.714365,MEGA.JK,4060.0,3115.0,4532.5,61.06194690265487,0.09550002530919399,0.11637931034482758,0.11814581357728562,0,MA_Cross,
2026-03-12 15:18:00.198467,MSIN.JK,540.0,422.57142857142856,598.7142857142857,53.04878048780488,0.7005505050953448,0.10873015873015873,0.1301369863013699,0,MA_Cross,
2026-03-12 15:18:00.670763,NOBU.JK,600.0,488.57142857142856,655.7142857142857,41.48936170212766,0.2425152114060205,0.09285714285714286,0.05712166172106835,0,MA_Cross,
2026-03-12 15:18:00.911423,PANS.JK,1680.0,1602.142857142857,1718.9285714285713,35.55555555555556,0.03958333333333333,0.023171768707482995,0.05875172154751465,0,MA_Cross,
2026-03-12 15:18:01.306756,POWR.JK,730.0,683.5714285714286,753.2142857142857,59.25925925925926,0.24481197567839302,0.031800391389432484,0.014091418956814292,0,MA_Cross,
2026-03-12 15:18:01.535781,PTBA.JK,2920.0,2730.0,3015.0,69.23076923076923,0.332567140200052,0.032534246575342464,0.06495527032283158,0,MA_Cross,
2026-03-12 15:18:01.829389,RDTX.JK,16225.0,15057.142857142857,16808.928571428572,63.48314606741573,0.15786877158362111,0.03598943429451904,0.047539873457461315,0,MA_Cross,
2026-03-12 15:18:02.032743,SAFE.JK,412.0,373.42857142857144,431.2857142857143,62.745098039215684,1.3681255161023946,0.04680998613037448,-0.014381099126861752,0,MA_Cross,
2026-03-12 15:18:02.353069,SILO.JK,2760.0,2595.714285714286,2842.1428571428573,56.25,0.20497002562125322,0.02976190476190476,0.019186002853495497,0,MA_Cross,
2026-03-12 15:18:02.391083,SIMP.JK,600.0,556.4285714285714,621.7857142857143,50.0,0.2799370873378159,0.036309523809523805,0.011101622544833475,0,MA_Cross,
2026-03-12 15:18:02.914330,TAPG.JK,1720.0,1534.2857142857142,1812.857142857143,65.66265060240964,0.6227639405974997,0.05398671096345515,0.02685263638141175,0,MA_Cross,
2026-03-12 15:18:03.088804,TCPI.JK,11675.0,10596.42857142857,12214.285714285714,51.16279069767442,1.057066842893848,0.04619149587029673,0.08392583298480413,0,MA_Cross,
2026-03-12 15:18:03.247713,TKIM.JK,8750.0,6807.142857142857,9721.42857142857,57.79569892473119,0.15512513275115866,0.1110204081632653,0.09176725471990096,0,MA_Cross,
2026-03-12 15:18:03.687633,ULTJ.JK,1615.0,1469.2857142857142,1687.857142857143,45.91836734693878,0.6713479963007505,0.04511278195488722,0.043309674027339706,0,MA_Cross,
2026-03-12 15:18:03.722262,UNTR.JK,29300.0,27225.0,30337.5,40.20618556701031,0.2695196204598275,0.035409556313993173,0.01993917734785746,0,MA_Cross,
2026-03-12 15:18:04.093773,WIIM.JK,1960.0,1716.4285714285713,2081.785714285714,45.54455445544555,0.3031761198153499,0.062135568513119535,0.07027896995708155,0,MA_Cross,
2026-03-12 15:18:04.285859,YULE.JK,3350.0,2958.5714285714284,3545.714285714286,63.63636363636363,0.003291097581043278,0.05842217484008529,0.013460015835312691,0,MA_Cross,
2026-03-16 18:13:13.682481,APLN.JK,154.0,125.71428571428572,168.14285714285714,51.37614678899082,1.5969520201393674,0.09183673469387754,-0.019796535606268872,0,MA_Cross,
2026-03-16 18:13:16.340894,DWGL.JK,312.0,255.0,340.5,66.31578947368422,3.3144527457252946,0.09134615384615384,-0.08579924572091673,0,MA_Cross,
2026-03-16 18:13:20.784054,PRDA.JK,2480.0,2341.4285714285716,2549.285714285714,56.45161290322581,1.6267675298225197,0.027937788018433184,0.01378362621803944,0,MA_Cross,
2026-03-16 18:13:20.848468,PSDN.JK,187.0,137.85714285714286,211.57142857142858,67.54966887417218,10.654060907323094,0.13139801375095495,-0.055096633416458804,0,MA_Cross,
2026-03-16 18:13:23.199569,YULE.JK,3360.0,2974.285714285714,3552.8571428571427,59.09090909090909,2.71948608137045,0.05739795918367347,0.013665692719746802,0,MA_Cross,
2026-03-17 10:09:23.600607,AADI.JK,10375.0,9239.285714285714,10942.857142857143,63.35403726708074,0.7701067495904542,0.054733218588640276,0.14152557371246535,0,MA_Cross,
2026-03-17 10:09:23.963432,ADRO.JK,2480.0,2274.285714285714,2582.8571428571427,61.11111111111111,0.7238511616417926,0.041474654377880185,0.05904706823854776,0,MA_Cross,
2026-03-17 10:09:24.186941,AKKU.JK,41.0,35.42857142857143,43.785714285714285,60.0,0.38115576816298635,0.06794425087108014,0.0007808433107756673,0,MA_Cross,
2026-03-17 10:09:24.349156,ALKA.JK,1090.0,885.5714285714286,1192.2142857142858,73.90057361376674,0.0,0.0937745740498034,0.15947611710323586,0,MA_Cross,
2026-03-17 10:09:24.419965,AMAN.JK,292.0,214.57142857142856,330.7142857142857,39.024390243902445,0.6510061627051381,0.13258317025440314,0.15635179153094445,0,MA_Cross,
2026-03-17 10:09:24.758984,APLN.JK,150.0,122.42857142857143,163.78571428571428,49.52380952380953,3.5830286803359104,0.0919047619047619,-0.010726643598615996,0,MA_Cross,
2026-03-17 10:09:26.209740,BIPI.JK,208.0,138.85714285714286,242.57142857142856,34.86238532110093,0.4397755155257199,0.1662087912087912,0.2294799960680232,0,MA_Cross,
2026-03-17 10:09:27.352213,BSSR.JK,3960.0,3871.4285714285716,4004.285714285714,56.666666666666664,0.8404225999081305,0.011183261183261182,0.005670172500033493,0,MA_Cross,
2026-03-17 10:09:29.442653,ESSA.JK,735.0,625.7142857142857,789.6428571428571,60.56338028169014,0.4176329779997746,0.07434402332361516,0.03927492447129909,0,MA_Cross,
2026-03-17 10:09:31.038922,ICON.JK,99.0,50.57142857142857,123.21428571428572,48.529411764705884,0.22597550835281033,0.2445887445887446,0.14904862579281195,0,MA_Cross,
2026-03-17 10:09:31.073903,IDPR.JK,300.0,281.14285714285717,309.42857142857144,58.33333333333334,1.7974350870772966,0.03142857142857143,0.029845505617977528,0,MA_Cross,
2026-03-17 10:09:31.500489,INDY.JK,3620.0,2947.142857142857,3956.4285714285716,47.18614718614719,0.547873689147497,0.09293606945540647,0.10845999764345464,0,MA_Cross,
2026-03-17 10:09:31.903834,ITMG.JK,27725.0,25600.0,28787.5,76.5625,0.9101157745209831,0.03832281334535618,0.06089521165857044,0,MA_Cross,
2026-03-17 10:09:32.134242,JRPT.JK,1110.0,1051.4285714285713,1139.2857142857142,54.166666666666664,1.550198592158559,0.02638352638352638,0.018407455250046178,0,MA_Cross,
2026-03-17 10:09:32.679054,KKGI.JK,348.0,311.7142857142857,366.14285714285717,58.33333333333333,0.5878386194540122,0.05213464696223317,-0.0010633270321361462,0,MA_Cross,
2026-03-17 10:09:33.416861,LSIP.JK,1290.0,1189.2857142857142,1340.357142857143,64.17910447761194,0.49979530753006557,0.03903654485049834,0.02313315059390307,0,MA_Cross,
2026-03-17 10:09:33.508548,MAIN.JK,815.0,726.4285714285714,859.2857142857143,53.52112676056338,0.3966628633841413,0.05433829973707274,0.000553982518773908,0,MA_Cross,
2026-03-17 10:09:33.685202,MASB.JK,3360.0,3064.285714285714,3507.8571428571427,59.22330097087379,1.7114568599717115,0.04400510204081633,-0.028377638542490473,0,MA_Cross,
2026-03-17 10:09:34.039576,MEDC.JK,1700.0,1425.0,1837.5,48.421052631578945,0.46867310233432397,0.08088235294117647,0.09490550534100253,0,MA_Cross,
2026-03-17 10:09:34.075740,MEGA.JK,4000.0,3162.142857142857,4418.928571428572,47.5095785440613,0.13423950621447966,0.10473214285714286,0.1229790543919106,0,MA_Cross,
2026-03-17 10:09:34.626709,MSIN.JK,490.0,370.2857142857143,549.8571428571429,48.046875,0.42063832993481004,0.12215743440233236,0.12796891372686006,0,MA_Cross,
2026-03-17 10:09:35.849049,POWR.JK,725.0,677.8571428571429,748.5714285714286,57.142857142857146,0.44917377815585463,0.03251231527093596,0.015066573230553609,0,MA_Cross,
2026-03-17 10:09:36.037422,PSDN.JK,139.0,96.85714285714286,160.07142857142858,56.25,3.8704655092645313,0.15159301130524153,-0.07247288162238641,0,MA_Cross,
2026-03-17 10:09:36.106612,PTBA.JK,2910.0,2717.1428571428573,3006.4285714285716,68.42105263157895,0.38256008870197905,0.03313696612665685,0.06661763567391805,0,MA_Cross,
2026-03-17 10:09:36.988371,SILO.JK,2750.0,2577.1428571428573,2836.4285714285716,55.102040816326536,0.7591070125325639,0.03142857142857143,0.017539914549134318,0,MA_Cross,
2026-03-17 10:09:37.656991,TAPG.JK,1700.0,1515.7142857142858,1792.142857142857,61.7283950617284,0.5168365800501321,0.0542016806722689,0.030778731149245907,0,MA_Cross,
2026-03-17 10:09:37.853116,TCPI.JK,11300.0,10178.57142857143,11860.714285714286,41.12903225806452,0.5103379334458136,0.04962073324905183,0.07869019498865268,0,MA_Cross,
2026-03-17 10:09:38.026097,TKIM.JK,8600.0,6607.142857142857,9596.42857142857,55.826558265582655,0.3819834706742845,0.11586378737541528,0.09637216189536031,0,MA_Cross,
2026-03-17 10:09:38.503158,ULTJ.JK,1580.0,1431.4285714285713,1654.2857142857142,46.666666666666664,0.716988687017048,0.04701627486437614,0.04202204435113499,0,MA_Cross,
2026-03-17 11:26:59.554555,AADI.JK,10675.0,9546.42857142857,11239.285714285714,71.69811320754717,0.3558291121843955,0.052860488457678156,0.1436216880154413,0,MA_Cross,
2026-03-17 11:26:59.967982,ADRO.JK,2500.0,2290.0,2605.0,64.78873239436619,0.21221531349644396,0.042,0.05867631943513438,0,MA_Cross,
2026-03-17 11:27:00.025614,AGII.JK,3400.0,3025.714285714286,3587.1428571428573,72.72727272727272,0.050186853200459944,0.05504201680672269,0.34543178973717154,0,MA_Cross,
2026-03-17 11:27:00.444743,ALKA.JK,795.0,552.7142857142858,916.1428571428571,58.29562594268477,0.117880297915662,0.15238095238095237,0.16092389930292197,0,MA_Cross,
2026-03-17 11:27:00.527318,AMAN.JK,294.0,218.85714285714286,331.57142857142856,29.90654205607477,0.08072553945411613,0.12779397473275023,0.14575672893072528,0,MA_Cross,
2026-03-17 11:27:00.888415,APLN.JK,152.0,124.71428571428572,165.64285714285714,50.46728971962617,0.3241699314614156,0.08975563909774435,-0.0202145214521452,0,MA_Cross,
2026-03-17 11:27:03.475931,BSSR.JK,3980.0,3890.0,4025.0,59.375,0.16654462156630803,0.011306532663316583,0.005736888845071138,0,MA_Cross,
2026-03-17 11:27:06.102900,ESSA.JK,750.0,642.1428571428571,803.9285714285714,67.64705882352942,0.17097819672038989,0.0719047619047619,0.04498946734878118,0,MA_Cross,
2026-03-17 11:27:07.568504,ICON.JK,103.0,54.57142857142857,127.21428571428572,46.15384615384615,0.13932430051235367,0.23509015256588073,0.15332072299285418,0,MA_Cross,
2026-03-17 11:27:07.608143,IDPR.JK,300.0,281.7142857142857,309.14285714285717,60.0,0.03481525727451148,0.030476190476190476,0.031473433338006514,0,MA_Cross,
2026-03-17 11:27:08.135934,INDY.JK,3460.0,2788.5714285714284,3795.714285714286,45.60669456066946,0.0932867320262616,0.09702725020644096,0.0986488067384184,0,MA_Cross,
2026-03-17 11:27:08.261017,INPS.JK,520.0,372.8571428571429,593.5714285714286,50.51020408163265,0.2208678998756052,0.14148351648351648,0.21323676523548474,0,MA_Cross,
2026-03-17 11:27:08.605792,ITMG.JK,27975.0,25803.571428571428,29060.714285714286,77.09923664122137,0.26801803979974403,0.03881016213455892,0.06823869520193303,0,MA_Cross,
2026-03-17 11:27:08.815486,JRPT.JK,1110.0,1051.4285714285713,1139.2857142857142,54.166666666666664,0.3412717898355021,0.02638352638352638,0.01913324112494237,0,MA_Cross,
2026-03-17 11:27:10.104527,LSIP.JK,1330.0,1227.857142857143,1381.0714285714287,70.83333333333334,0.18894441210109708,0.03839957035445757,0.027644230769230692,0,MA_Cross,
2026-03-17 11:27:10.219989,MAIN.JK,830.0,743.5714285714286,873.2142857142857,58.57142857142857,0.14092363700419835,0.05206540447504303,0.005357802685059764,0,MA_Cross,
2026-03-17 11:27:10.402543,MASB.JK,3490.0,3177.1428571428573,3646.4285714285716,63.47826086956522,0.014134275618374558,0.04482194023741301,-0.021792062332602846,0,MA_Cross,
2026-03-17 11:27:10.792108,MEDC.JK,1800.0,1522.142857142857,1938.9285714285713,55.72139303482587,0.22641721076331348,0.07718253968253967,0.09569453174104336,0,MA_Cross,
2026-03-17 11:27:10.833399,MEGA.JK,4040.0,3342.142857142857,4388.928571428572,15.950920245398777,0.01720938079973005,0.08636845827439887,0.12800154918667694,0,MA_Cross,
2026-03-17 11:27:12.076518,NFCX.JK,1775.0,1506.4285714285716,1909.2857142857142,45.11278195488721,0.01628779831456696,0.07565392354124748,0.1302759740259741,0,MA_Cross,
2026-03-17 11:27:12.268043,NOBU.JK,585.0,487.8571428571429,633.5714285714286,36.58536585365854,0.08291326372320987,0.08302808302808302,0.060985271345745266,0,MA_Cross,
2026-03-17 11:27:12.596332,PANS.JK,1685.0,1606.4285714285713,1724.2857142857142,34.78260869565217,0.018268791615586165,0.02331496396778296,0.06039369588238962,0,MA_Cross,
2026-03-17 11:27:13.100056,POWR.JK,725.0,679.2857142857143,747.8571428571429,55.55555555555556,0.0539637830269586,0.03152709359605911,0.01610644257703081,0,MA_Cross,
2026-03-17 11:27:13.219880,PRDA.JK,2490.0,2351.4285714285716,2559.285714285714,57.142857142857146,0.16234826970923072,0.027825588066551925,0.013907395069953404,0,MA_Cross,
2026-03-17 11:27:13.333904,PSDN.JK,197.0,147.71428571428572,221.64285714285714,69.56521739130434,7.339697581088534,0.12509064539521392,-0.052676626206038045,0,MA_Cross,
2026-03-17 11:27:13.412122,PTBA.JK,2900.0,2708.5714285714284,2995.714285714286,71.23287671232876,0.0721110437366109,0.03300492610837438,0.06859344894026975,0,MA_Cross,
2026-03-17 11:27:14.199050,ROCK.JK,3480.0,2660.0,3890.0,60.678391959798994,2.5520719140539354,0.11781609195402298,0.10336258619145693,0,MA_Cross,
2026-03-17 11:27:14.285541,SAFE.JK,404.0,362.57142857142856,424.7142857142857,54.76190476190476,0.6223942823108993,0.051272984441301274,-0.010737772297574883,0,MA_Cross,
2026-03-17 11:27:15.473984,SILO.JK,2750.0,2578.5714285714284,2835.714285714286,55.102040816326536,0.21052000239908836,0.031168831168831165,0.01806823282956763,0,MA_Cross,
2026-03-17 11:27:15.602514,SIMP.JK,595.0,553.5714285714286,615.7142857142857,47.826086956521735,0.25353428132965483,0.03481392557022809,0.011427596793450531,0,MA_Cross,
2026-03-17 11:27:17.073010,TAPG.JK,1760.0,1575.7142857142858,1852.142857142857,62.65060240963856,0.18352323182706698,0.052353896103896104,0.0366051182377713,0,MA_Cross,
2026-03-17 11:27:17.506765,TCPI.JK,11525.0,10400.0,12087.5,46.15384615384615,0.5656277766718295,0.04880694143167028,0.07457455149195222,0,MA_Cross,
2026-03-17 11:27:18.019250,TKIM.JK,8975.0,6935.714285714286,9994.642857142857,57.10526315789473,0.1524483516056609,0.1136092319936331,0.10201511335012595,0,MA_Cross,
2026-03-17 11:27:18.907190,ULTJ.JK,1615.0,1464.2857142857142,1690.357142857143,52.68817204301075,0.1423409593668425,0.04666076957098629,0.04214383875400831,0,MA_Cross,
2026-03-17 11:27:18.998702,UNTR.JK,29925.0,27692.85714285714,31041.071428571428,45.45454545454546,0.16941693220086682,0.037295620002386926,0.023892543671310055,0,MA_Cross,
2026-03-17 11:27:20.705375,YULE.JK,3300.0,3004.285714285714,3447.8571428571427,46.42857142857143,0.01238390092879257,0.044805194805194806,0.013122640360491995,0,MA_Cross,
2026-03-17 11:52:56.969985,AADI.JK,10550.0,9421.42857142857,11114.285714285714,70.77922077922078,0.43346294173058597,0.053486797562626955,0.1432249005382635,0,MA_Cross,
2026-03-17 11:52:57.429726,ADRO.JK,2480.0,2270.0,2585.0,63.768115942028984,0.2538279899891036,0.04233870967741935,0.058418629598176286,0,MA_Cross,
2026-03-17 11:52:57.479569,AGII.JK,3400.0,3025.714285714286,3587.1428571428573,72.72727272727272,0.050186853200459944,0.05504201680672269,0.34543178973717154,0,MA_Cross,
2026-03-17 11:52:57.926270,ALKA.JK,795.0,552.7142857142858,916.1428571428571,58.29562594268477,0.12197684912370348,0.15238095238095237,0.16092389930292197,0,MA_Cross,
2026-03-17 11:52:58.011753,AMAN.JK,290.0,214.85714285714286,327.57142857142856,28.971962616822438,0.08227548138780534,0.12955665024630542,0.14535824628512573,0,MA_Cross,
2026-03-17 11:52:58.478560,APLN.JK,153.0,125.71428571428572,166.64285714285714,50.925925925925924,0.3370661302406479,0.08916900093370682,-0.02000549979375771,0,MA_Cross,
2026-03-17 11:53:02.047657,BSSR.JK,3980.0,3890.0,4025.0,59.375,0.18830590331504665,0.011306532663316583,0.005736888845071138,0,MA_Cross,
2026-03-17 11:53:04.867026,ESSA.JK,750.0,642.1428571428571,803.9285714285714,67.64705882352942,0.20773652417014837,0.0719047619047619,0.04498946734878118,0,MA_Cross,
2026-03-17 11:53:05.236329,GDYR.JK,1130.0,1022.8571428571429,1183.5714285714287,54.34782608695652,0.2799029669714499,0.04740834386852086,0.02555152192125109,0,MA_Cross,
2026-03-17 11:53:06.598672,ICON.JK,100.0,51.57142857142857,124.21428571428572,44.881889763779526,0.1528666449408639,0.24214285714285716,0.15247108307045215,0,MA_Cross,
2026-03-17 11:53:06.652655,IDPR.JK,300.0,281.7142857142857,309.14285714285717,60.0,0.16883931447169906,0.030476190476190476,0.031473433338006514,0,MA_Cross,
2026-03-17 11:53:07.347982,INDY.JK,3460.0,2788.5714285714284,3795.714285714286,45.60669456066946,0.1097789472483522,0.09702725020644096,0.0986488067384184,0,MA_Cross,
2026-03-17 11:53:07.540381,INPS.JK,520.0,372.8571428571429,593.5714285714286,50.51020408163265,0.2208678998756052,0.14148351648351648,0.21323676523548474,0,MA_Cross,
2026-03-17 11:53:08.069972,ITMG.JK,27975.0,25803.571428571428,29060.714285714286,77.09923664122137,0.2894947849076289,0.03881016213455892,0.06823869520193303,0,MA_Cross,
2026-03-17 11:53:08.441419,JRPT.JK,1110.0,1051.4285714285713,1139.2857142857142,54.166666666666664,0.3412717898355021,0.02638352638352638,0.01913324112494237,0,MA_Cross,
2026-03-17 11:53:10.639838,LSIP.JK,1325.0,1222.857142857143,1376.0714285714287,70.4225352112676,0.21440122537958928,0.038544474393530995,0.02752217524662194,0,MA_Cross,
2026-03-17 11:53:10.782523,MAIN.JK,830.0,743.5714285714286,873.2142857142857,58.57142857142857,0.14786915316417,0.05206540447504303,0.005357802685059764,0,MA_Cross,
2026-03-17 11:53:10.987438,MASB.JK,3400.0,3087.1428571428573,3556.4285714285716,60.37735849056604,0.3611111111111111,0.046008403361344534,-0.022626225714111756,0,MA_Cross,
2026-03-17 11:53:11.442032,MEDC.JK,1800.0,1522.142857142857,1938.9285714285713,55.72139303482587,0.23667950741044724,0.07718253968253967,0.09569453174104336,0,MA_Cross,
2026-03-17 11:53:11.494626,MEGA.JK,4030.0,3332.142857142857,4378.928571428572,15.432098765432102,0.027655520142999275,0.08658277206664304,0.12792563492502632,0,MA_Cross,
2026-03-17 11:53:12.734428,NFCX.JK,1775.0,1506.4285714285716,1909.2857142857142,45.11278195488721,0.05160469390640464,0.07565392354124748,0.1302759740259741,0,MA_Cross,
2026-03-17 11:53:12.978002,NOBU.JK,595.0,497.8571428571429,643.5714285714286,38.095238095238095,0.11585429355441414,0.08163265306122448,0.0615032938550703,0,MA_Cross,
2026-03-17 11:53:13.307228,PANS.JK,1680.0,1601.4285714285713,1719.2857142857142,33.33333333333333,0.09029615702429852,0.023384353741496597,0.06030401196112631,0,MA_Cross,
2026-03-17 11:53:13.907504,POWR.JK,725.0,679.2857142857143,747.8571428571429,55.55555555555556,0.06249944368100361,0.03152709359605911,0.01610644257703081,0,MA_Cross,
2026-03-17 11:53:14.050480,PRDA.JK,2490.0,2351.4285714285716,2559.285714285714,57.142857142857146,0.16434225405201658,0.027825588066551925,0.013907395069953404,0,MA_Cross,
2026-03-17 11:53:14.186214,PSDN.JK,172.0,117.28571428571428,199.35714285714286,63.970588235294116,10.109889110443062,0.1590531561461794,-0.05874082174660217,0,MA_Cross,
2026-03-17 11:53:14.279483,PTBA.JK,2910.0,2718.5714285714284,3005.714285714286,72.22222222222223,0.09108026333967771,0.03289150711831124,0.06870376078914928,0,MA_Cross,
2026-03-17 11:53:15.001279,ROCK.JK,3470.0,2650.0,3880.0,60.579345088161205,2.6589290424690057,0.11815561959654179,0.103237506716819,0,MA_Cross,
2026-03-17 11:53:15.117348,SAFE.JK,404.0,362.57142857142856,424.7142857142857,54.76190476190476,0.6223942823108993,0.051272984441301274,-0.010737772297574883,0,MA_Cross,
2026-03-17 11:53:15.857209,SILO.JK,2760.0,2588.5714285714284,2845.714285714286,55.99999999999999,0.21101453911165977,0.03105590062111801,0.018179097778110238,0,MA_Cross,
2026-03-17 11:53:15.907455,SIMP.JK,595.0,552.8571428571429,616.0714285714286,47.826086956521735,0.3627491433594661,0.03541416566626651,0.011427596793450531,0,MA_Cross,
2026-03-17 11:53:16.725481,TAPG.JK,1755.0,1570.7142857142858,1847.142857142857,62.42424242424242,0.21695736680853892,0.052503052503052504,0.03651030193080206,0,MA_Cross,
2026-03-17 11:53:16.993334,TCPI.JK,11425.0,10300.0,11987.5,44.44444444444444,0.7572776560545075,0.04923413566739606,0.0743115457355044,0,MA_Cross,
2026-03-17 11:53:17.226952,TKIM.JK,8850.0,6810.714285714286,9869.642857142857,56.53333333333333,0.16140775520902434,0.1152138821630347,0.10158554572271386,0,MA_Cross,
2026-03-17 11:53:17.892134,ULTJ.JK,1615.0,1464.2857142857142,1690.357142857143,52.68817204301075,0.15850420362626072,0.04666076957098629,0.04214383875400831,0,MA_Cross,
2026-03-17 11:53:17.949563,UNTR.JK,29950.0,27717.85714285714,31066.071428571428,45.5958549222798,0.2014299545210277,0.037264488433102795,0.023917897629680523,0,MA_Cross,
2026-03-25 09:09:21.594318,AADI.JK,10500.0,9346.42857142857,11076.785714285714,67.83216783216784,1.0139452106941467,0.05493197278911565,0.14368650217706821,0,MA_Cross,
2026-03-25 09:09:23.738736,ADRO.JK,2450.0,2238.5714285714284,2555.714285714286,56.060606060606055,1.2355781191815345,0.043148688046647225,0.056995509714133204,0,MA_Cross,
2026-03-25 09:09:23.870766,AGII.JK,3400.0,3051.4285714285716,3574.285714285714,70.49180327868852,0.5718125654828571,0.05126050420168067,0.35022082554781714,0,MA_Cross,
2026-03-25 09:09:25.210594,ALKA.JK,795.0,555.5714285714286,914.7142857142857,57.97872340425533,0.1675523756622091,0.15058400718778076,0.17137446462072148,0,MA_Cross,
2026-03-25 09:09:26.602778,APLN.JK,150.0,121.0,164.5,50.0,0.6550753283426486,0.09666666666666666,-0.026506353326957204,0,MA_Cross,
2026-03-25 09:09:30.825330,BBNI.JK,4040.586669921875,3844.6714566533647,4138.54427655613,42.85713301473119,2.830381517565038,0.02424341182023184,-0.012764129162574838,0,MA_Cross,
2026-03-25 09:09:33.978957,BSSR.JK,3980.0,3885.714285714286,4027.1428571428573,59.375,0.4719899999113467,0.011844938980617373,0.006102948655896071,0,MA_Cross,
2026-03-25 09:09:40.160165,ESSA.JK,740.0,628.5714285714286,795.7142857142857,66.1764705882353,0.38174489664574707,0.07528957528957529,0.05028477218225413,0,MA_Cross,
2026-03-25 09:09:40.747210,GDYR.JK,1145.0,1030.7142857142858,1202.142857142857,60.416666666666664,0.3490208092757995,0.049906425452276984,0.022105848549448425,0,MA_Cross,
2026-03-25 09:09:43.416382,ICON.JK,110.0,59.714285714285715,135.14285714285714,45.11278195488722,0.4136951302175474,0.22857142857142856,0.15645903010033443,0,MA_Cross,
2026-03-25 09:09:43.470682,IDPR.JK,298.0,279.7142857142857,307.14285714285717,60.0,0.5594244793377571,0.030680728667305847,0.03225129424933548,0,MA_Cross,
2026-03-25 09:09:45.112230,INPS.JK,625.0,477.1428571428571,698.9285714285714,53.51351351351351,0.9106736306414892,0.11828571428571429,0.22742184103395133,0,MA_Cross,
2026-03-25 09:09:46.282874,ITMG.JK,28000.0,25710.714285714286,29144.64285714286,77.74936061381075,1.3472234605070947,0.040880102040816324,0.07488570754008285,0,MA_Cross,
2026-03-25 09:09:46.667514,JRPT.JK,1115.0,1053.5714285714287,1145.7142857142858,55.99999999999999,2.0676117775354417,0.02754644458680333,0.019764120519672024,0,MA_Cross,
2026-03-25 09:09:49.927831,LSIP.JK,1340.0,1231.4285714285713,1394.2857142857142,71.62162162162161,0.7413994584860141,0.04051172707889126,0.03144393876706661,0,MA_Cross,
2026-03-25 09:09:50.187725,MAIN.JK,835.0,746.4285714285714,879.2857142857143,56.71641791044776,0.26285444166708444,0.05303678357570573,0.010664529651091083,0,MA_Cross,
2026-03-25 09:09:50.554585,MASB.JK,3380.0,3058.5714285714284,3540.714285714286,60.952380952380956,0.45267489711934156,0.047548605240912936,-0.016325907842538907,0,MA_Cross,
2026-03-25 09:09:51.391887,MEDC.JK,1800.0,1527.142857142857,1936.4285714285713,53.64583333333333,0.501476328907712,0.07579365079365079,0.09545994621974867,0,MA_Cross,
2026-03-25 09:09:51.476194,MEGA.JK,4050.0,3558.5714285714284,4295.714285714285,20.30075187969925,0.05164838850320287,0.06067019400352734,0.13327089416561078,0,MA_Cross,
2026-03-25 09:09:52.950229,MSIN.JK,496.0,382.57142857142856,552.7142857142857,47.90286975717439,0.2810084173577593,0.11434331797235023,0.1261925411968777,0,MA_Cross,
2026-03-25 09:09:54.405029,NOBU.JK,605.0,515.0,650.0,46.753246753246756,0.355518723558255,0.0743801652892562,0.06313276369641696,0,MA_Cross,
2026-03-25 09:09:54.984994,PANS.JK,1685.0,1601.4285714285713,1726.7857142857142,35.55555555555556,0.2858171095554859,0.02479864349300551,0.06050717881782578,0,MA_Cross,
2026-03-25 09:09:55.916671,POWR.JK,720.0,677.1428571428571,741.4285714285714,46.15384615384615,0.1565500232970177,0.02976190476190476,0.016521982637916485,0,MA_Cross,
2026-03-25 09:09:56.472169,PSDN.JK,159.0,99.71428571428572,188.64285714285714,57.954545454545446,7.25928552487333,0.18643306379155436,-0.04693560899922429,0,MA_Cross,
2026-03-25 09:09:56.641252,PTBA.JK,2910.0,2710.0,3010.0,70.0,0.41406917960877543,0.03436426116838488,0.07079849658663799,0,MA_Cross,
2026-03-25 09:09:57.323444,RDTX.JK,16475.0,15478.57142857143,16973.214285714286,53.10734463276836,0.0,0.03024062432256666,0.03717633961149175,0,MA_Cross,
2026-03-25 09:09:57.729826,ROCK.JK,3520.0,2764.285714285714,3897.8571428571427,60.47979797979798,3.119960068770451,0.10734577922077922,0.08645169851380034,0,MA_Cross,
2026-03-25 09:09:57.895576,SAFE.JK,404.0,362.2857142857143,424.85714285714283,58.97435897435897,0.7768738099359529,0.051626591230551626,-0.008372714197657671,0,MA_Cross,
2026-03-25 09:09:58.638094,SILO.JK,2700.0,2521.4285714285716,2789.285714285714,49.05660377358491,0.6721821616664746,0.033068783068783074,0.017887882643514777,0,MA_Cross,
2026-03-25 09:10:00.296472,TAPG.JK,1745.0,1556.4285714285713,1839.2857142857142,62.73291925465839,0.5649820436382481,0.05403192795742939,0.04272979781667857,0,MA_Cross,
2026-03-25 09:10:00.663375,TCPI.JK,11700.0,10585.714285714286,12257.142857142857,41.66666666666667,1.3352490030119593,0.047619047619047616,0.07174012855831037,0,MA_Cross,
2026-03-25 09:10:02.223995,ULTJ.JK,1575.0,1424.2857142857142,1650.357142857143,39.784946236559136,0.4686319507613166,0.04784580498866214,0.04117685475444093,0,MA_Cross,
2026-03-25 09:10:02.333228,UNTR.JK,30000.0,27775.0,31112.5,41.666666666666664,1.1857969956574619,0.037083333333333336,0.024115010047920854,0,MA_Cross,
2026-03-25 09:10:04.039693,YULE.JK,3350.0,2844.285714285714,3602.8571428571427,56.52173913043478,1.7822747775204193,0.07547974413646055,0.01381366762003289,0,MA_Cross,
2026-03-25 13:49:52.417926,AADI.JK,10950.0,9700.0,11575.0,71.25,1.1026377914241785,0.05707762557077625,0.1452160405039986,0,MA_Cross,
2026-03-25 13:49:52.509563,ABMM.JK,3030.0,2802.8571428571427,3143.5714285714284,59.21052631578948,0.977165913318536,0.03748231966053748,0.0102822441515424,0,MA_Cross,
2026-03-25 13:49:52.949165,ADRO.JK,2590.0,2367.1428571428573,2701.4285714285716,68.0,1.2128724458892566,0.04302261445118588,0.057314434582947056,0,MA_Cross,
2026-03-25 13:49:53.544317,ALKA.JK,680.0,445.57142857142856,797.2142857142857,53.88418079096046,0.7159678930856048,0.17237394957983193,0.1693562502187839,0,MA_Cross,
2026-03-25 13:49:53.640160,AMAN.JK,306.0,236.57142857142856,340.7142857142857,46.42857142857143,0.31463431079594323,0.1134453781512605,0.12723052371971558,0,MA_Cross,
2026-03-25 13:49:54.008474,APLN.JK,154.0,123.71428571428572,169.14285714285714,56.07476635514018,0.4869846093805141,0.09833024118738404,-0.0327178930219929,0,MA_Cross,
2026-03-25 13:49:56.319841,BSSR.JK,4060.0,3950.0,4115.0,67.5,2.6171315180244736,0.013546798029556651,0.007103574702108181,0,MA_Cross,
2026-03-25 13:49:58.333166,ESSA.JK,760.0,646.4285714285714,816.7857142857143,71.01449275362319,0.4055354175078523,0.07471804511278195,0.056185643933741196,0,MA_Cross,
2026-03-25 13:49:58.583604,GDYR.JK,1145.0,1040.7142857142858,1197.142857142857,65.9090909090909,0.012668060950104571,0.045539613225202745,0.020450558581848483,0,MA_Cross,
2026-03-25 13:49:59.743604,ICON.JK,139.0,85.42857142857143,165.78571428571428,51.333333333333336,3.0369983732016212,0.19270298047276463,0.1651537033216423,0,MA_Cross,
2026-03-25 13:49:59.782610,IDPR.JK,300.0,281.7142857142857,309.14285714285717,62.85714285714286,0.04874221710317659,0.030476190476190476,0.03308669551863751,0,MA_Cross,
2026-03-25 13:49:59.825973,IFSH.JK,2930.0,2478.5714285714284,3155.714285714286,73.36683417085428,0.008491522173829676,0.07703559239395417,0.2661290322580645,0,MA_Cross,
2026-03-25 13:50:00.347049,INPS.JK,580.0,433.57142857142856,653.2142857142857,48.08743169398907,0.8251145546612312,0.12623152709359606,0.23632942652189237,0,MA_Cross,
2026-03-25 13:50:00.804869,JRPT.JK,1110.0,1047.857142857143,1141.0714285714287,55.99999999999999,1.4555453712190651,0.027992277992277995,0.02021550930189726,0,MA_Cross,
2026-03-25 13:50:01.246651,KKGI.JK,354.0,309.14285714285717,376.42857142857144,58.53658536585366,0.5549702738997565,0.06335754640839386,0.0056047197640117325,0,MA_Cross,
2026-03-25 13:50:01.880309,LSIP.JK,1345.0,1232.857142857143,1401.0714285714287,72.97297297297297,0.33510535677670183,0.041688794476898564,0.035080478745357,0,MA_Cross,
2026-03-25 13:50:01.974308,MAIN.JK,860.0,770.0,905.0,61.42857142857143,0.3979400518677814,0.05232558139534884,0.01678183613030605,0,MA_Cross,
2026-03-25 13:50:02.423786,MEDC.JK,1765.0,1492.857142857143,1901.0714285714287,54.49735449735449,0.20486285472689683,0.07709429380817484,0.09365267223121958,0,MA_Cross,
2026-03-25 13:50:02.458991,MEGA.JK,4150.0,3732.8571428571427,4358.571428571428,24.822695035460995,0.14606816514373375,0.050258175559380384,0.13971596205516254,0,MA_Cross,
2026-03-25 13:50:02.994052,MSIN.JK,530.0,415.0,587.5,50.524109014675055,0.44909751924497066,0.10849056603773585,0.12334944334167593,0,MA_Cross,
2026-03-25 13:50:03.510293,NOBU.JK,610.0,530.0,650.0,58.73015873015873,0.2419737255319595,0.06557377049180328,0.0639915560485169,0,MA_Cross,
2026-03-25 13:50:03.756460,PANS.JK,1685.0,1605.0,1725.0,35.55555555555556,0.2624538745387454,0.02373887240356083,0.06073288690476193,0,MA_Cross,
2026-03-25 13:50:04.176558,POWR.JK,730.0,687.1428571428571,751.4285714285714,46.15384615384615,0.13085487995320383,0.029354207436399216,0.017559815307121803,0,MA_Cross,
2026-03-25 13:50:04.358497,PSDN.JK,142.0,80.71428571428572,172.64285714285714,53.403141361256544,0.57618508224327,0.21579476861167002,-0.04215747055176688,0,MA_Cross,
2026-03-25 13:50:04.390924,PSSI.JK,370.0,333.42857142857144,388.2857142857143,55.99999999999999,1.0732892650480839,0.04942084942084942,-0.0008273579702151444,0,MA_Cross,
2026-03-25 13:50:04.424179,PTBA.JK,3100.0,2871.4285714285716,3214.285714285714,78.16091954022988,1.9422036169946506,0.03686635944700461,0.07357987037743043,0,MA_Cross,
2026-03-25 13:50:04.699999,RDTX.JK,16475.0,15478.57142857143,16973.214285714286,53.10734463276836,0.0,0.03024062432256666,0.03717633961149175,0,MA_Cross,
2026-03-25 13:50:04.848843,ROCK.JK,3000.0,2091.4285714285716,3454.285714285714,54.55580865603645,2.511511368506654,0.1514285714285714,0.055187011740060146,0,MA_Cross,
2026-03-25 13:50:04.915473,SAFE.JK,404.0,362.2857142857143,424.85714285714283,63.888888888888886,0.41846671181374495,0.051626591230551626,-0.006413545407901487,0,MA_Cross,
2026-03-25 13:50:05.242597,SILO.JK,2750.0,2572.8571428571427,2838.5714285714284,52.631578947368425,0.3638559911767023,0.032207792207792206,0.016787557017871865,0,MA_Cross,
2026-03-25 13:50:05.279937,SIMP.JK,595.0,550.7142857142857,617.1428571428571,50.0,0.37267452987177574,0.03721488595438175,0.011671494292042976,0,MA_Cross,
2026-03-25 13:50:05.830965,TAPG.JK,1680.0,1489.2857142857142,1775.357142857143,60.8433734939759,0.7326650731065871,0.056760204081632654,0.0470512407347728,0,MA_Cross,
2026-03-25 13:50:06.033180,TCPI.JK,11875.0,10753.57142857143,12435.714285714286,45.96774193548387,0.9005236811261165,0.04721804511278195,0.06901588460836225,0,MA_Cross,
2026-03-25 13:50:06.192109,TKIM.JK,9275.0,7542.857142857143,10141.07142857143,37.21804511278195,0.3024924591204953,0.09337697343088179,0.1138538428719449,0,MA_Cross,
2026-03-25 13:50:06.609581,ULTJ.JK,1625.0,1472.142857142857,1701.4285714285713,46.53465346534653,0.3015698075041161,0.047032967032967034,0.038925081433224755,0,MA_Cross,
2026-03-25 13:50:06.645357,UNTR.JK,30750.0,28603.571428571428,31823.214285714286,52.02312138728324,0.7477698505490316,0.034901277584204415,0.02498841142033066,0,MA_Cross,
2026-03-25 14:42:07.438069,AADI.JK,10950.0,9700.0,11575.0,71.25,1.1026377914241785,0.05707762557077625,0.1452160405039986,0,MA_Cross,
2026-03-25 14:42:07.671838,ABMM.JK,3030.0,2802.8571428571427,3143.5714285714284,59.21052631578948,0.977165913318536,0.03748231966053748,0.0102822441515424,0,MA_Cross,
2026-03-25 14:42:08.221654,ADRO.JK,2590.0,2367.1428571428573,2701.4285714285716,68.0,1.2128724458892566,0.04302261445118588,0.057314434582947056,0,MA_Cross,
2026-03-25 14:42:08.823701,ALKA.JK,680.0,445.57142857142856,797.2142857142857,53.88418079096046,0.7159678930856048,0.17237394957983193,0.1693562502187839,0,MA_Cross,
2026-03-25 14:42:08.924694,AMAN.JK,306.0,236.57142857142856,340.7142857142857,46.42857142857143,0.31463431079594323,0.1134453781512605,0.12723052371971558,0,MA_Cross,
2026-03-25 14:42:09.363550,APLN.JK,154.0,123.71428571428572,169.14285714285714,56.07476635514018,0.4869846093805141,0.09833024118738404,-0.0327178930219929,0,MA_Cross,
2026-03-25 14:42:12.786885,BSSR.JK,4070.0,3960.0,4125.0,68.29268292682927,2.6430997609762232,0.013513513513513514,0.007179591628901629,0,MA_Cross,
2026-03-25 14:42:16.044354,ESSA.JK,760.0,646.4285714285714,816.7857142857143,71.01449275362319,0.4055354175078523,0.07471804511278195,0.056185643933741196,0,MA_Cross,
2026-03-25 14:42:18.117231,ICON.JK,140.0,86.42857142857143,166.78571428571428,51.65562913907284,3.0605264562546908,0.1913265306122449,0.1654290429042905,0,MA_Cross,
2026-03-25 14:42:18.184287,IDPR.JK,300.0,281.7142857142857,309.14285714285717,62.85714285714286,0.04874221710317659,0.030476190476190476,0.03308669551863751,0,MA_Cross,
2026-03-25 14:42:18.250879,IFSH.JK,2930.0,2478.5714285714284,3155.714285714286,73.36683417085428,0.008491522173829676,0.07703559239395417,0.2661290322580645,0,MA_Cross,
2026-03-25 14:42:19.172855,INPS.JK,580.0,433.57142857142856,653.2142857142857,48.08743169398907,0.8251145546612312,0.12623152709359606,0.23632942652189237,0,MA_Cross,
2026-03-25 14:42:20.087434,JRPT.JK,1110.0,1047.857142857143,1141.0714285714287,55.99999999999999,1.4555453712190651,0.027992277992277995,0.02021550930189726,0,MA_Cross,
2026-03-25 14:42:20.945864,KKGI.JK,354.0,309.14285714285717,376.42857142857144,58.53658536585366,0.5549702738997565,0.06335754640839386,0.0056047197640117325,0,MA_Cross,
2026-03-25 14:42:22.175320,LSIP.JK,1345.0,1232.857142857143,1401.0714285714287,72.97297297297297,0.33510535677670183,0.041688794476898564,0.035080478745357,0,MA_Cross,
2026-03-25 14:42:22.431393,MAIN.JK,860.0,770.0,905.0,61.42857142857143,0.3979400518677814,0.05232558139534884,0.01678183613030605,0,MA_Cross,
2026-03-25 14:42:23.992486,MEDC.JK,1765.0,1492.857142857143,1901.0714285714287,54.49735449735449,0.20486285472689683,0.07709429380817484,0.09365267223121958,0,MA_Cross,
2026-03-25 14:42:24.104714,MEGA.JK,4150.0,3732.8571428571427,4358.571428571428,24.822695035460995,0.14606816514373375,0.050258175559380384,0.13971596205516254,0,MA_Cross,
2026-03-25 14:42:27.993623,NOBU.JK,610.0,530.0,650.0,58.73015873015873,0.2419737255319595,0.06557377049180328,0.0639915560485169,0,MA_Cross,
2026-03-25 14:42:28.833891,PANS.JK,1685.0,1605.0,1725.0,35.55555555555556,0.2624538745387454,0.02373887240356083,0.06073288690476193,0,MA_Cross,
2026-03-25 14:42:30.260718,POWR.JK,730.0,687.1428571428571,751.4285714285714,46.15384615384615,0.13333443593354027,0.029354207436399216,0.017559815307121803,0,MA_Cross,
2026-03-25 14:42:30.868735,PSDN.JK,142.0,80.71428571428572,172.64285714285714,53.403141361256544,0.577058946328445,0.21579476861167002,-0.04215747055176688,0,MA_Cross,
2026-03-25 14:42:30.971065,PSSI.JK,370.0,333.42857142857144,388.2857142857143,55.99999999999999,1.0732892650480839,0.04942084942084942,-0.0008273579702151444,0,MA_Cross,
2026-03-25 14:42:31.078932,PTBA.JK,3100.0,2871.4285714285716,3214.285714285714,78.16091954022988,1.9422036169946506,0.03686635944700461,0.07357987037743043,0,MA_Cross,
2026-03-25 14:42:32.072140,RDTX.JK,16475.0,15478.57142857143,16973.214285714286,53.10734463276836,0.0,0.03024062432256666,0.03717633961149175,0,MA_Cross,
2026-03-25 14:42:32.595384,ROCK.JK,3000.0,2091.4285714285716,3454.285714285714,54.55580865603645,2.511511368506654,0.1514285714285714,0.055187011740060146,0,MA_Cross,
2026-03-25 14:42:32.807031,SAFE.JK,404.0,362.2857142857143,424.85714285714283,63.888888888888886,0.41846671181374495,0.051626591230551626,-0.006413545407901487,0,MA_Cross,
2026-03-25 14:42:33.879957,SILO.JK,2750.0,2572.8571428571427,2838.5714285714284,52.631578947368425,0.3638559911767023,0.032207792207792206,0.016787557017871865,0,MA_Cross,
2026-03-25 14:42:34.005685,SIMP.JK,595.0,550.7142857142857,617.1428571428571,50.0,0.37267452987177574,0.03721488595438175,0.011671494292042976,0,MA_Cross,
2026-03-25 14:42:36.341039,TAPG.JK,1680.0,1489.2857142857142,1775.357142857143,60.8433734939759,0.7326650731065871,0.056760204081632654,0.0470512407347728,0,MA_Cross,
2026-03-25 14:42:36.989998,TCPI.JK,11875.0,10753.57142857143,12435.714285714286,45.96774193548387,0.9005236811261165,0.04721804511278195,0.06901588460836225,0,MA_Cross,
2026-03-25 14:42:37.683916,TKIM.JK,9275.0,7542.857142857143,10141.07142857143,37.21804511278195,0.3043372663935272,0.09337697343088179,0.1138538428719449,0,MA_Cross,
2026-03-25 14:42:39.090842,ULTJ.JK,1625.0,1472.142857142857,1701.4285714285713,46.53465346534653,0.3015698075041161,0.047032967032967034,0.038925081433224755,0,MA_Cross,
2026-03-25 14:42:39.194490,UNTR.JK,30750.0,28603.571428571428,31823.214285714286,52.02312138728324,0.7477698505490316,0.034901277584204415,0.02498841142033066,0,MA_Cross,
2026-03-26 10:01:48.861073,AADI.JK,11175.0,9921.42857142857,11801.785714285714,72.7810650887574,2.043728077952385,0.05608820709491851,0.14591719378953422,0,MA_Cross,
2026-03-26 10:01:48.941309,ABMM.JK,3060.0,2832.8571428571427,3173.5714285714284,60.75949367088607,1.570472778558898,0.03711484593837535,0.010590589209327934,0,MA_Cross,
2026-03-26 10:01:49.295408,ADRO.JK,2630.0,2407.1428571428573,2741.4285714285716,69.62025316455696,1.639930267149735,0.042368278109722976,0.05782387993820349,0,MA_Cross,
2026-03-26 10:01:49.512598,AKKU.JK,39.0,33.714285714285715,41.642857142857146,43.99999999999999,0.10649264348818784,0.06776556776556776,-0.0064432989690721655,0,MA_Cross,
2026-03-26 10:01:49.783757,ALKA.JK,690.0,449.1428571428571,810.4285714285714,54.267425320056894,3.2068522605505367,0.17453416149068324,0.16982188473247728,0,MA_Cross,
2026-03-26 10:01:49.871379,AMAN.JK,300.0,230.57142857142856,334.7142857142857,44.44444444444444,0.33840008147094475,0.11571428571428571,0.12663280116110295,0,MA_Cross,
2026-03-26 10:01:50.263646,APLN.JK,152.0,121.71428571428572,167.14285714285714,55.23809523809524,0.6029989071471258,0.09962406015037593,-0.03313416621401409,0,MA_Cross,
2026-03-26 10:01:50.454933,ASII.JK,6600.0,6046.428571428572,6876.785714285715,47.42268041237113,2.8678191912536564,0.04193722943722943,-0.0483148626081676,0,MA_Cross,
2026-03-26 10:01:52.221332,BSSR.JK,4110.0,3998.5714285714284,4165.714285714285,71.11111111111111,3.599893019523937,0.013555787278415016,0.007483581937585932,0,MA_Cross,
2026-03-26 10:01:53.531185,DSNG.JK,1570.0,1402.142857142857,1653.9285714285713,66.1764705882353,2.205020754715865,0.05345768880800728,-0.032867132867132866,0,MA_Cross,
2026-03-26 10:01:53.937723,ESSA.JK,755.0,641.4285714285714,811.7857142857143,70.58823529411765,0.626992680007696,0.07521286660359508,0.055970149253731345,0,MA_Cross,
2026-03-26 10:01:54.196426,GDYR.JK,1140.0,1035.7142857142858,1192.142857142857,64.44444444444444,0.02484294006640709,0.04573934837092732,0.020313942751615882,0,MA_Cross,
2026-03-26 10:01:55.030830,ICON.JK,148.0,94.0,175.0,54.08805031446541,4.135859412627788,0.18243243243243243,0.16762767710049423,0,MA_Cross,
2026-03-26 10:01:55.058763,IDPR.JK,302.0,283.7142857142857,311.14285714285717,63.888888888888886,0.08564097437435436,0.030274361400189215,0.03329145728643223,0,MA_Cross,
2026-03-26 10:01:55.093222,IFSH.JK,2930.0,2478.5714285714284,3155.714285714286,73.36683417085428,0.03665358261416633,0.07703559239395417,0.2661290322580645,0,MA_Cross,
2026-03-26 10:01:55.518284,INPS.JK,680.0,525.7142857142858,757.1428571428571,53.51351351351351,1.2804362132180125,0.1134453781512605,0.2412635195814297,0,MA_Cross,
2026-03-26 10:01:55.928787,JRPT.JK,1115.0,1052.857142857143,1146.0714285714287,58.33333333333333,3.769734308817867,0.02786675208199872,0.020351781932037856,0,MA_Cross,
2026-03-26 10:01:56.360941,KKGI.JK,358.0,312.57142857142856,380.7142857142857,59.523809523809526,0.8111018690732458,0.06344772545889865,0.005957296213283115,0,MA_Cross,
2026-03-26 10:01:56.964142,LSIP.JK,1355.0,1242.857142857143,1411.0714285714287,73.68421052631578,0.5442559271520614,0.041381128096995255,0.03532227449038537,0,MA_Cross,
2026-03-26 10:01:57.053634,MAIN.JK,870.0,779.2857142857143,915.3571428571429,62.50000000000001,0.6161890441222986,0.05213464696223317,0.017147791759190695,0,MA_Cross,
2026-03-26 10:01:57.514893,MEDC.JK,1750.0,1477.857142857143,1886.0714285714287,53.64583333333333,0.3451846195219838,0.07775510204081633,0.0933898199489129,0,MA_Cross,
2026-03-26 10:01:57.548331,MEGA.JK,4150.0,3732.8571428571427,4358.571428571428,24.822695035460995,0.2084406841641595,0.050258175559380384,0.13971596205516254,0,MA_Cross,
2026-03-26 10:01:58.110912,MSIN.JK,525.0,410.0,582.5,50.0,0.5470035980194324,0.10952380952380952,0.1230523544391212,0,MA_Cross,
2026-03-26 10:01:58.446981,NFCX.JK,1775.0,1507.857142857143,1908.5714285714287,45.911949685534594,0.3201749248369841,0.07525150905432597,0.12863926027739603,0,MA_Cross,
2026-03-26 10:01:58.611402,NOBU.JK,605.0,525.0,645.0,58.064516129032256,0.30469981532192686,0.06611570247933884,0.06373461208130547,0,MA_Cross,
2026-03-26 10:01:58.912392,PANS.JK,1680.0,1600.0,1720.0,34.78260869565217,0.46563648398803953,0.023809523809523808,0.060643641098778414,0,MA_Cross,
2026-03-26 10:01:59.377079,POWR.JK,735.0,691.4285714285714,756.7857142857143,48.14814814814815,0.4268748824194268,0.02964042759961127,0.01776720761052049,0,MA_Cross,
2026-03-26 10:01:59.625997,PSDN.JK,138.0,76.71428571428572,168.64285714285714,52.30769230769231,0.7524194711142189,0.2220496894409938,-0.04311414392059555,0,MA_Cross,
2026-03-26 10:01:59.664177,PSSI.JK,366.0,329.42857142857144,384.2857142857143,54.166666666666664,1.1860312781462377,0.04996096799375488,-0.001158556769281582,0,MA_Cross,
2026-03-26 10:01:59.699582,PTBA.JK,3160.0,2928.5714285714284,3275.714285714286,79.56989247311827,2.7255090902629346,0.036618444846292945,0.0742321469400199,0,MA_Cross,
2026-03-26 10:01:59.998313,RDTX.JK,16475.0,15525.0,16950.0,54.02298850574712,0.0,0.028831562974203338,0.035512405238354264,0,MA_Cross,
2026-03-26 10:02:00.177220,ROCK.JK,3000.0,2091.4285714285716,3454.285714285714,54.55580865603645,2.6629771657660797,0.1514285714285714,0.055187011740060146,0,MA_Cross,
2026-03-26 10:02:00.253088,SAFE.JK,404.0,362.2857142857143,424.85714285714283,63.888888888888886,0.9988443497768009,0.051626591230551626,-0.006413545407901487,0,MA_Cross,
2026-03-26 10:02:00.606458,SILO.JK,2750.0,2572.8571428571427,2838.5714285714284,52.631578947368425,0.8755031995048568,0.032207792207792206,0.016787557017871865,0,MA_Cross,
2026-03-26 10:02:00.651583,SIMP.JK,600.0,555.0,622.5,52.0,0.7024826989653359,0.0375,0.01192504258943782,0,MA_Cross,
2026-03-26 10:02:01.280239,TAPG.JK,1760.0,1566.4285714285713,1856.7857142857142,66.66666666666666,1.6079119054649589,0.05499188311688312,0.04854806516000264,0,MA_Cross,
2026-03-26 10:02:01.495020,TCPI.JK,12075.0,10921.42857142857,12651.785714285714,49.24242424242424,1.4224211035894119,0.047766932860100565,0.06953823690454462,0,MA_Cross,
2026-03-26 10:02:01.676044,TKIM.JK,9300.0,7567.857142857143,10166.07142857143,37.453183520599254,0.4428759113617682,0.09312596006144393,0.11393832276938079,0,MA_Cross,
2026-03-26 10:02:02.177910,ULTJ.JK,1610.0,1456.4285714285713,1686.7857142857142,44.89795918367347,0.5159143432893238,0.047692990239574094,0.038639473512738616,0,MA_Cross,
2026-03-26 10:02:02.212088,UNTR.JK,30775.0,28628.571428571428,31848.214285714286,52.1613832853026,1.13450336352362,0.03487292561216201,0.025013734377145998,0,MA_Cross,
2026-03-26 10:02:02.834499,YULE.JK,3320.0,2735.714285714286,3612.1428571428573,50.0,0.17113095238095238,0.0879948364888124,0.01381366762003289,0,MA_Cross,
2026-03-26 10:17:03.499965,AADI.JK,11200.0,9967.857142857143,11816.07142857143,72.94117647058823,0.08184549763495355,0.055006377551020405,0.14441533291564618,0,MA_Cross,
2026-03-26 10:17:03.580818,ABMM.JK,3130.0,2895.714285714286,3247.1428571428573,64.70588235294119,0.2834327445471546,0.0374258329529895,0.012113703627228238,0,MA_Cross,
2026-03-26 10:17:03.855640,ADRO.JK,2670.0,2452.8571428571427,2778.5714285714284,70.37037037037037,0.0718006513358052,0.04066345639379347,0.058235835414749616,0,MA_Cross,
2026-03-26 10:17:04.042362,AKKU.JK,39.0,33.714285714285715,41.642857142857146,43.99999999999999,0.10649264348818784,0.06776556776556776,-0.0064432989690721655,0,MA_Cross,
2026-03-26 10:17:04.111833,AKRA.JK,1350.0,1232.142857142857,1408.9285714285713,55.91397849462366,0.12414064200620069,0.043650793650793655,0.0007016996725402238,0,MA_Cross,
2026-03-26 10:17:04.205404,ALKA.JK,675.0,432.7142857142857,796.1428571428571,53.69458128078818,0.13934629349633498,0.17947089947089948,0.16623399100034628,0,MA_Cross,
2026-03-26 10:17:04.273469,AMAN.JK,300.0,238.57142857142856,330.7142857142857,44.44444444444444,0.017435397467740647,0.10238095238095238,0.11720554272517328,0,MA_Cross,
2026-03-26 10:17:04.664101,APLN.JK,152.0,123.28571428571428,166.35714285714286,51.04166666666667,0.023502313075712596,0.09445488721804511,-0.038539416846652325,0,MA_Cross,
2026-03-26 10:17:06.820620,BSSR.JK,4150.0,4035.714285714286,4207.142857142857,73.46938775510205,0.12872390783184962,0.013769363166953529,0.009126499898312003,0,MA_Cross,
2026-03-26 10:17:08.841838,ESSA.JK,775.0,665.0,830.0,69.69696969696969,0.06603188646049847,0.07096774193548387,0.06187787847273804,0,MA_Cross,
2026-03-26 10:17:09.168745,GEMS.JK,8525.0,7960.714285714285,8807.142857142857,60.810810810810814,0.04880716960491438,0.03309593632174278,0.02332406549274019,0,MA_Cross,
2026-03-26 10:17:10.171567,ICON.JK,137.0,89.0,161.0,52.121212121212125,0.18738620180375745,0.17518248175182483,0.17694970474445118,0,MA_Cross,
2026-03-26 10:17:10.205127,IDPR.JK,302.0,283.7142857142857,311.14285714285717,63.888888888888886,0.08564097437435436,0.030274361400189215,0.03329145728643223,0,MA_Cross,
2026-03-26 10:17:10.237708,IFSH.JK,2930.0,2478.5714285714284,3155.714285714286,73.36683417085428,0.03665358261416633,0.07703559239395417,0.2661290322580645,0,MA_Cross,
2026-03-26 10:17:10.747635,INPS.JK,680.0,525.7142857142858,757.1428571428571,53.51351351351351,1.2804362132180125,0.1134453781512605,0.2412635195814297,0,MA_Cross,
2026-03-26 10:17:11.251774,JRPT.JK,1115.0,1052.857142857143,1146.0714285714287,58.33333333333333,3.769734308817867,0.02786675208199872,0.020351781932037856,0,MA_Cross,
2026-03-26 10:17:11.717722,KKGI.JK,360.0,314.85714285714283,382.57142857142856,60.0,0.046913653888472864,0.0626984126984127,0.009428403064231131,0,MA_Cross,
2026-03-26 10:17:12.412153,LSIP.JK,1360.0,1248.5714285714287,1415.7142857142858,74.02597402597402,0.013699324239182136,0.04096638655462185,0.03938595769199103,0,MA_Cross,
2026-03-26 10:17:12.507193,MAIN.JK,865.0,776.4285714285714,909.2857142857143,60.56338028169014,0.010447671447040077,0.05119735755573906,0.022839506172839506,0,MA_Cross,
2026-03-26 10:17:12.979832,MEDC.JK,1795.0,1534.2857142857142,1925.357142857143,53.64583333333333,0.03408472316378916,0.07262236370871468,0.09182026934773167,0,MA_Cross,
2026-03-26 10:17:13.016564,MEGA.JK,4150.0,3732.8571428571427,4358.571428571428,24.822695035460995,0.2084406841641595,0.050258175559380384,0.13971596205516254,0,MA_Cross,
2026-03-26 10:17:13.600891,MSIN.JK,520.0,422.1428571428571,568.9285714285714,33.425414364640886,0.036750841061079925,0.09409340659340659,0.1204560120456012,0,MA_Cross,
2026-03-26 10:17:13.971877,NFCX.JK,1775.0,1507.857142857143,1908.5714285714287,45.911949685534594,0.3201749248369841,0.07525150905432597,0.12863926027739603,0,MA_Cross,
2026-03-26 10:17:14.144576,NOBU.JK,610.0,536.4285714285714,646.7857142857143,51.85185185185185,0.01102288148276944,0.06030444964871194,0.06299493472212322,0,MA_Cross,
2026-03-26 10:17:14.390114,PANS.JK,1690.0,1611.4285714285713,1729.2857142857142,37.5,0.0035143826108348414,0.02324598478444632,0.056294463346736774,0,MA_Cross,
2026-03-26 10:17:14.832967,POWR.JK,740.0,701.4285714285714,759.2857142857143,43.99999999999999,0.007587959816399303,0.026061776061776062,0.01935979871400618,0,MA_Cross,
2026-03-26 10:17:15.039562,PSDN.JK,134.0,76.0,163.0,54.54545454545455,0.02063278532663378,0.21641791044776118,-0.040548922313536906,0,MA_Cross,
2026-03-26 10:17:15.073636,PSSI.JK,366.0,331.14285714285717,383.42857142857144,55.319148936170215,0.0017319953669123935,0.047619047619047616,-0.0006075334143378639,0,MA_Cross,
2026-03-26 10:17:15.401125,RDTX.JK,16475.0,15525.0,16950.0,54.02298850574712,0.0,0.028831562974203338,0.035512405238354264,0,MA_Cross,
2026-03-26 10:17:15.577597,ROCK.JK,2550.0,1630.0,3010.0,50.84925690021232,0.17889944892580464,0.1803921568627451,0.029862670582138578,0,MA_Cross,
2026-03-26 10:17:15.653669,SAFE.JK,404.0,362.2857142857143,424.85714285714283,63.888888888888886,0.9988443497768009,0.051626591230551626,-0.006413545407901487,0,MA_Cross,
2026-03-26 10:17:16.003581,SILO.JK,2760.0,2595.714285714286,2842.1428571428573,57.407407407407405,0.05609981611726939,0.02976190476190476,0.015560862750951495,0,MA_Cross,
2026-03-26 10:17:16.037483,SIMP.JK,605.0,561.4285714285714,626.7857142857143,50.0,0.059991726994121856,0.03600944510035419,0.012168141592920316,0,MA_Cross,
2026-03-26 10:17:16.611018,TAPG.JK,1735.0,1555.0,1825.0,58.08823529411765,0.030123340542558465,0.05187319884726225,0.05382245330252256,0,MA_Cross,
2026-03-26 10:17:16.821160,TCPI.JK,11900.0,10839.285714285714,12430.357142857143,43.07692307692308,0.007053526050547895,0.04456782713085234,0.06669691470054447,0,MA_Cross,
2026-03-26 10:17:17.022924,TKIM.JK,9325.0,7739.285714285714,10117.857142857143,37.453183520599254,0.011822842690687275,0.08502489467636921,0.12041249620867456,0,MA_Cross,
2026-03-26 10:17:17.470341,ULTJ.JK,1620.0,1477.142857142857,1691.4285714285713,47.42268041237113,0.011611238079812538,0.04409171075837743,0.03662896515860628,0,MA_Cross,
2026-03-26 10:17:17.507994,UNTR.JK,30475.0,28535.714285714286,31444.64285714286,63.066202090592334,0.07010594376981613,0.03181764912691902,0.025585987808019232,0,MA_Cross,
2026-03-26 10:17:18.186909,YULE.JK,3320.0,2735.714285714286,3612.1428571428573,50.0,0.17113095238095238,0.0879948364888124,0.01381366762003289,0,MA_Cross,
2026-03-26 14:46:24.244928,AADI.JK,11000.0,9703.57142857143,11648.214285714286,69.88636363636364,0.9295068962557642,0.05892857142857143,0.1437973673713602,0,MA_Cross,
2026-03-26 14:46:24.336680,ABMM.JK,3050.0,2812.8571428571427,3168.5714285714284,60.75949367088607,0.9550959783066982,0.03887587822014051,0.011293988017354241,0,MA_Cross,
2026-03-26 14:46:24.631215,ADRO.JK,2560.0,2328.5714285714284,2675.714285714286,63.095238095238095,0.6586894977810286,0.045200892857142856,0.056844598447300276,0,MA_Cross,
2026-03-26 14:46:24.681115,AGII.JK,3380.0,3132.8571428571427,3503.5714285714284,73.68421052631578,0.2806371152555678,0.036559594251901945,0.35346710065510284,0,MA_Cross,
2026-03-26 14:46:24.976642,AKKU.JK,39.0,34.285714285714285,41.357142857142854,50.0,0.026545284383375164,0.06043956043956044,-0.006937307297019607,0,MA_Cross,
2026-03-26 14:46:25.047887,AKRA.JK,1330.0,1211.4285714285713,1389.2857142857142,53.932584269662925,0.48307869993493224,0.04457572502685284,0.00023397285914830332,0,MA_Cross,
2026-03-26 14:46:25.173373,ALKA.JK,655.0,406.2857142857143,779.3571428571429,52.94934073560027,0.7049423422480418,0.18985823336968377,0.16531001039140986,0,MA_Cross,
2026-03-26 14:46:25.238613,AMAN.JK,300.0,238.0,331.0,44.44444444444444,0.10041087293589646,0.10333333333333333,0.11720554272517328,0,MA_Cross,
2026-03-26 14:46:25.557765,APLN.JK,159.0,128.85714285714286,174.07142857142858,54.36893203883495,1.5146223396253355,0.09478885893980234,-0.037086985839514496,0,MA_Cross,
2026-03-26 14:46:27.630825,BSSR.JK,4090.0,3970.0,4150.0,68.08510638297872,0.9726070459912126,0.014669926650366748,0.008671549181161609,0,MA_Cross,
2026-03-26 14:46:29.648895,ESSA.JK,745.0,632.8571428571429,801.0714285714286,65.625,0.3455610080428663,0.07526366251198466,0.06059479553903346,0,MA_Cross,
2026-03-26 14:46:31.182757,ICON.JK,126.0,77.14285714285714,150.42857142857142,48.86363636363637,0.4942312776352779,0.19387755102040816,0.17397959183673467,0,MA_Cross,
2026-03-26 14:46:31.216641,IDPR.JK,302.0,285.14285714285717,310.42857142857144,56.666666666666664,0.014768765777678557,0.027909176915799434,0.033978554518869206,0,MA_Cross,
2026-03-26 14:46:31.250896,IFSH.JK,2640.0,2240.0,2840.0,70.53140096618358,0.010951767822522163,0.07575757575757576,0.26837352291286376,0,MA_Cross,
2026-03-26 14:46:31.708986,INPS.JK,700.0,544.2857142857142,777.8571428571429,51.41242937853107,0.2698817528402504,0.11122448979591837,0.2557341659920588,0,MA_Cross,
2026-03-26 14:46:32.030541,ITMG.JK,29500.0,26832.14285714286,30833.928571428572,78.19706498951783,0.6236628952774259,0.04521791767554479,0.09160224504924283,0,MA_Cross,
2026-03-26 14:46:32.211909,JRPT.JK,1125.0,1067.857142857143,1153.5714285714287,47.368421052631575,0.01187766010096011,0.025396825396825397,0.020887007729113036,0,MA_Cross,
2026-03-26 14:46:32.855668,KKGI.JK,352.0,305.42857142857144,375.2857142857143,57.4712643678161,0.2963114498007808,0.0661525974025974,0.008725386157292712,0,MA_Cross,
2026-03-26 14:46:33.567685,LSIP.JK,1340.0,1225.7142857142858,1397.142857142857,70.8860759493671,0.1845904748979363,0.042643923240938165,0.03890489913544669,0,MA_Cross,
2026-03-26 14:46:33.691439,MAIN.JK,880.0,788.5714285714286,925.7142857142857,62.50000000000001,0.2883444222364419,0.05194805194805195,0.023386400098728923,0,MA_Cross,
2026-03-26 14:46:34.258844,MEDC.JK,1800.0,1536.4285714285716,1931.7857142857142,53.88601036269431,0.163671587974197,0.0732142857142857,0.0919076579371974,0,MA_Cross,
2026-03-26 14:46:34.300748,MEGA.JK,4520.0,4052.8571428571427,4753.571428571428,45.85987261146497,0.45657051803193394,0.05167509481668774,0.1492890995260663,0,MA_Cross,
2026-03-26 14:46:34.923891,MSIN.JK,505.0,406.42857142857144,554.2857142857143,32.095490716180365,0.33450277879327434,0.09759547383309759,0.11956521739130424,0,MA_Cross,
2026-03-26 14:46:35.375847,NFCX.JK,1800.0,1537.857142857143,1931.0714285714287,43.790849673202615,0.05614777443241924,0.07281746031746032,0.1263187464885448,0,MA_Cross,
2026-03-26 14:46:35.547390,NOBU.JK,605.0,530.7142857142857,642.1428571428571,50.94339622641509,0.10385786757284463,0.061393152302243216,0.0627385921723928,0,MA_Cross,
2026-03-26 14:46:35.810553,PANS.JK,1680.0,1600.7142857142858,1719.642857142857,34.78260869565217,0.18146987112504354,0.023596938775510206,0.05611582008290543,0,MA_Cross,
2026-03-26 14:46:36.253405,POWR.JK,735.0,695.7142857142857,754.6428571428571,41.66666666666667,0.11866505668995475,0.02672497570456754,0.019152803019712075,0,MA_Cross,
2026-03-26 14:46:36.447637,PSDN.JK,134.0,75.57142857142857,163.21428571428572,54.54545454545455,0.18041281895249245,0.21801705756929637,-0.040548922313536906,0,MA_Cross,
2026-03-26 14:46:36.516536,PTBA.JK,3070.0,2828.5714285714284,3190.714285714286,73.26732673267327,0.5116647519141276,0.03932061423918101,0.07643625890556306,0,MA_Cross,
2026-03-26 14:46:36.815,RDTX.JK,16000.0,15064.285714285714,16467.85714285714,47.89473684210526,0.29015544041450775,0.02924107142857143,0.03360626372954909,0,MA_Cross,
2026-03-26 14:46:37.034030,ROCK.JK,2550.0,1630.0,3010.0,50.84925690021232,0.2667060440496609,0.1803921568627451,0.029862670582138578,0,MA_Cross,
2026-03-26 14:46:37.115663,SAFE.JK,398.0,354.2857142857143,419.85714285714283,56.75675675675676,1.6225165562913908,0.054917444364680545,-0.004156830545006683,0,MA_Cross,
2026-03-26 14:46:37.461848,SILO.JK,2750.0,2585.714285714286,2832.1428571428573,56.60377358490566,0.16449169792215576,0.02987012987012987,0.01545006717420514,0,MA_Cross,
2026-03-26 14:46:37.496444,SIMP.JK,600.0,555.7142857142857,622.1428571428571,47.826086956521735,0.6689131196497398,0.036904761904761905,0.011914893617021277,0,MA_Cross,
2026-03-26 14:46:38.098069,TAPG.JK,1705.0,1520.7142857142858,1797.142857142857,55.63380281690141,0.30130884503084204,0.054042731462086296,0.05326526680793684,0,MA_Cross,
2026-03-26 14:46:38.301994,TCPI.JK,11400.0,10214.285714285714,11992.857142857143,37.333333333333336,0.24005295389302655,0.052005012531328325,0.0653950953678474,0,MA_Cross,
2026-03-26 14:46:38.461361,TKIM.JK,9250.0,7642.857142857143,10053.57142857143,36.94029850746269,0.22403530694006782,0.08687258687258687,0.12016138818104599,0,MA_Cross,
2026-03-26 14:46:38.954078,ULTJ.JK,1570.0,1420.7142857142858,1644.642857142857,42.71844660194174,0.2232311491326015,0.047543221110100085,0.03567711721087544,0,MA_Cross,
2026-03-26 14:46:38.998529,UNTR.JK,30825.0,28871.428571428572,31801.785714285714,66.06498194945848,0.5679933198439796,0.031688101031166725,0.02594035949115006,0,MA_Cross,
2026-03-26 14:46:39.641628,YULE.JK,3370.0,2785.714285714286,3662.1428571428573,60.0,0.2800829875518672,0.08668927511657483,0.013895645828265572,0,MA_Cross,
2026-03-27 07:59:14.854111,AADI.JK,10975.0,9678.57142857143,11623.214285714286,69.49152542372882,1.5064468952360588,0.0590628050764725,0.1437200820606337,0,MA_Cross,
2026-03-27 07:59:14.914150,ABMM.JK,3040.0,2800.0,3160.0,60.0,1.146839042104438,0.039473684210526314,0.011191460055096419,0,MA_Cross,
2026-03-27 07:59:15.138074,ADRO.JK,2580.0,2348.5714285714284,2695.714285714286,64.6341463414634,0.9419297465698027,0.04485049833887043,0.0570977502960136,0,MA_Cross,
2026-03-27 07:59:15.167038,AGII.JK,3070.0,2778.5714285714284,3215.714285714286,28.0,0.2941413706880327,0.04746393671475105,0.35053079433268614,0,MA_Cross,
2026-03-27 07:59:15.457527,AKRA.JK,1330.0,1211.4285714285713,1389.2857142857142,53.932584269662925,0.7903032661820355,0.04457572502685284,0.00023397285914830332,0,MA_Cross,
2026-03-27 07:59:15.562471,ALKA.JK,635.0,386.2857142857143,759.3571428571429,52.22450376454484,0.9141109799617596,0.19583802024746907,0.16438474870017336,0,MA_Cross,
2026-03-27 07:59:15.619175,AMAN.JK,298.0,236.0,329.0,43.90243902439024,0.12236474923693076,0.1040268456375839,0.11700591886819697,0,MA_Cross,
2026-03-27 07:59:15.881280,APLN.JK,167.0,136.42857142857142,182.28571428571428,57.65765765765766,2.608108040232461,0.09153122326775022,-0.035430418968072336,0,MA_Cross,
2026-03-27 07:59:17.431971,BSSR.JK,4090.0,3970.0,4150.0,68.08510638297872,1.4161882729271984,0.014669926650366748,0.008671549181161609,0,MA_Cross,
2026-03-27 07:59:18.552621,DSNG.JK,1530.0,1362.857142857143,1613.5714285714287,60.869565217391305,1.6252707908885284,0.0546218487394958,-0.028903956381937587,0,MA_Cross,
2026-03-27 07:59:18.898002,ESSA.JK,750.0,637.8571428571429,806.0714285714286,66.66666666666666,0.5585313723971119,0.07476190476190477,0.060808801665179865,0,MA_Cross,
2026-03-27 07:59:19.740904,ICON.JK,126.0,77.14285714285714,150.42857142857142,48.86363636363637,0.5014883707465638,0.19387755102040816,0.17397959183673467,0,MA_Cross,
2026-03-27 07:59:19.772555,IDPR.JK,300.0,283.14285714285717,308.42857142857144,54.83870967741936,0.5348988910632746,0.028095238095238097,0.03377437325905289,0,MA_Cross,
2026-03-27 07:59:19.802225,IFSH.JK,2640.0,2240.0,2840.0,70.53140096618358,0.015683953539986684,0.07575757575757576,0.26837352291286376,0,MA_Cross,
2026-03-27 07:59:20.141409,INPS.JK,635.0,479.2857142857143,712.8571428571429,47.8021978021978,0.4100801129561988,0.12260967379077616,0.25260859483691456,0,MA_Cross,
2026-03-27 07:59:20.359247,ITMG.JK,29500.0,26814.285714285714,30842.85714285714,78.19706498951783,0.9290688447137516,0.04552058111380145,0.09160224504924283,0,MA_Cross,
2026-03-27 07:59:20.468044,JRPT.JK,1115.0,1057.142857142857,1143.9285714285713,41.17647058823529,0.46561119530519457,0.025944907110826393,0.0206147616418186,0,MA_Cross,
2026-03-27 07:59:20.778484,KKGI.JK,354.0,307.42857142857144,377.2857142857143,58.13953488372093,0.42450552844133266,0.06577885391444713,0.00890120254656932,0,MA_Cross,
2026-03-27 07:59:21.307130,LSIP.JK,1345.0,1229.2857142857142,1402.857142857143,71.7948717948718,0.3291454937861262,0.04301646309081253,0.039025193479334835,0,MA_Cross,
2026-03-27 07:59:21.438097,MAIN.JK,910.0,815.7142857142857,957.1428571428571,65.38461538461539,1.396834057317133,0.05180533751962324,0.02447897397952895,0,MA_Cross,
2026-03-27 07:59:21.904848,MEDC.JK,1830.0,1564.2857142857142,1962.857142857143,55.27638190954774,0.359206764285555,0.07259953161592506,0.0924317617866005,0,MA_Cross,
2026-03-27 07:59:21.932075,MEGA.JK,4550.0,4082.8571428571427,4783.571428571428,46.875,0.6457014959019693,0.05133437990580848,0.14950980392156862,0,MA_Cross,
2026-03-27 07:59:22.317453,MSIN.JK,520.0,420.7142857142857,569.6428571428571,33.425414364640886,0.48011959455934494,0.09546703296703297,0.1204560120456012,0,MA_Cross,
2026-03-27 07:59:22.436549,MTWI.JK,366.0,323.42857142857144,387.2857142857143,59.57446808510638,2.2480211081794197,0.058157689305230284,-0.028316524437548563,0,MA_Cross,
2026-03-27 07:59:22.586180,NFCX.JK,1800.0,1537.857142857143,1931.0714285714287,43.790849673202615,0.05614777443241924,0.07281746031746032,0.1263187464885448,0,MA_Cross,
2026-03-27 07:59:22.728789,NOBU.JK,595.0,518.5714285714286,633.2142857142857,49.090909090909086,0.21242684786401314,0.06422569027611044,0.06222563260644563,0,MA_Cross,
2026-03-27 07:59:22.958399,PANS.JK,1680.0,1600.7142857142858,1719.642857142857,34.78260869565217,0.40769244012878125,0.023596938775510206,0.05611582008290543,0,MA_Cross,
2026-03-27 07:59:23.331216,POWR.JK,740.0,700.7142857142857,759.6428571428571,43.99999999999999,0.19033283260581776,0.026544401544401543,0.01935979871400618,0,MA_Cross,
2026-03-27 07:59:23.487737,PSDN.JK,134.0,75.57142857142857,163.21428571428572,54.54545454545455,0.26724400754052224,0.21801705756929637,-0.040548922313536906,0,MA_Cross,
2026-03-27 07:59:23.542442,PTBA.JK,3130.0,2885.714285714286,3252.1428571428573,77.89473684210526,0.7798602153598969,0.03902327704244637,0.07708333333333334,0,MA_Cross,
2026-03-27 07:59:23.778890,RDTX.JK,16000.0,15064.285714285714,16467.85714285714,47.89473684210526,0.3003625064733299,0.02924107142857143,0.03360626372954909,0,MA_Cross,
2026-03-27 07:59:23.901357,ROCK.JK,2550.0,1630.0,3010.0,50.84925690021232,0.300047626607398,0.1803921568627451,0.029862670582138578,0,MA_Cross,
2026-03-27 07:59:24.209511,SILO.JK,2750.0,2585.714285714286,2832.1428571428573,56.60377358490566,0.22334167774103492,0.02987012987012987,0.01545006717420514,0,MA_Cross,
2026-03-27 07:59:24.235518,SIMP.JK,605.0,560.7142857142857,627.1428571428571,50.0,0.7837397919342051,0.03659976387249114,0.012168141592920316,0,MA_Cross,
2026-03-27 07:59:24.834980,TAPG.JK,1695.0,1507.857142857143,1788.5714285714287,54.861111111111114,0.5128869458774155,0.05520438263801095,0.053079442553464834,0,MA_Cross,
2026-03-27 07:59:25.204653,TKIM.JK,9075.0,7457.142857142857,9883.92857142857,36.0,0.351963313270278,0.08913813459268005,0.11957511380880122,0,MA_Cross,
2026-03-27 07:59:25.582998,ULTJ.JK,1570.0,1420.7142857142858,1644.642857142857,42.71844660194174,0.3415935446433097,0.047543221110100085,0.03567711721087544,0,MA_Cross,
2026-03-27 07:59:25.611478,UNTR.JK,30800.0,28846.428571428572,31776.785714285714,65.94202898550725,0.9469521426143912,0.03171382189239332,0.02591505287735201,0,MA_Cross,
2026-03-27 07:59:26.036896,YULE.JK,3370.0,2785.714285714286,3662.1428571428573,60.0,0.28263969920912746,0.08668927511657483,0.013895645828265572,0,MA_Cross,
2026-03-27 10:04:48.566079,AADI.JK,10975.0,9678.57142857143,11623.214285714286,69.49152542372882,1.5064468952360588,0.0590628050764725,0.1437200820606337,0,MA_Cross,
2026-03-27 10:04:48.698986,ABMM.JK,3040.0,2800.0,3160.0,60.0,1.146839042104438,0.039473684210526314,0.011191460055096419,0,MA_Cross,
2026-03-27 10:04:49.047807,ADRO.JK,2580.0,2348.5714285714284,2695.714285714286,64.6341463414634,0.9419297465698027,0.04485049833887043,0.0570977502960136,0,MA_Cross,
2026-03-27 10:04:49.089483,AGII.JK,3070.0,2778.5714285714284,3215.714285714286,28.0,0.2941413706880327,0.04746393671475105,0.35053079433268614,0,MA_Cross,
2026-03-27 10:04:49.324296,AKRA.JK,1330.0,1211.4285714285713,1389.2857142857142,53.932584269662925,0.7903032661820355,0.04457572502685284,0.00023397285914830332,0,MA_Cross,
2026-03-27 10:04:49.409820,ALKA.JK,635.0,386.2857142857143,759.3571428571429,52.22450376454484,0.9141109799617596,0.19583802024746907,0.16438474870017336,0,MA_Cross,
2026-03-27 10:04:49.465038,AMAN.JK,298.0,236.0,329.0,43.90243902439024,0.12236474923693076,0.1040268456375839,0.11700591886819697,0,MA_Cross,
2026-03-27 10:04:49.769325,APLN.JK,167.0,136.42857142857142,182.28571428571428,57.65765765765766,2.608108040232461,0.09153122326775022,-0.035430418968072336,0,MA_Cross,
2026-03-27 10:04:51.747256,BSSR.JK,4090.0,3970.0,4150.0,68.08510638297872,1.4161882729271984,0.014669926650366748,0.008671549181161609,0,MA_Cross,
2026-03-27 10:04:53.046622,DSNG.JK,1530.0,1362.857142857143,1613.5714285714287,60.869565217391305,1.6252707908885284,0.0546218487394958,-0.028903956381937587,0,MA_Cross,
2026-03-27 10:04:53.480256,ESSA.JK,750.0,637.8571428571429,806.0714285714286,66.66666666666666,0.5585313723971119,0.07476190476190477,0.060808801665179865,0,MA_Cross,
2026-03-27 10:04:54.577552,ICON.JK,126.0,77.14285714285714,150.42857142857142,48.86363636363637,0.5014883707465638,0.19387755102040816,0.17397959183673467,0,MA_Cross,
2026-03-27 10:04:54.610501,IDPR.JK,300.0,283.14285714285717,308.42857142857144,54.83870967741936,0.5348988910632746,0.028095238095238097,0.03377437325905289,0,MA_Cross,
2026-03-27 10:04:54.643618,IFSH.JK,2640.0,2240.0,2840.0,70.53140096618358,0.015683953539986684,0.07575757575757576,0.26837352291286376,0,MA_Cross,
2026-03-27 10:04:55.147068,INPS.JK,635.0,479.2857142857143,712.8571428571429,47.8021978021978,0.4100801129561988,0.12260967379077616,0.25260859483691456,0,MA_Cross,
2026-03-27 10:04:55.371332,ITMG.JK,29500.0,26814.285714285714,30842.85714285714,78.19706498951783,0.9290688447137516,0.04552058111380145,0.09160224504924283,0,MA_Cross,
2026-03-27 10:04:55.512464,JRPT.JK,1115.0,1057.142857142857,1143.9285714285713,41.17647058823529,0.46561119530519457,0.025944907110826393,0.0206147616418186,0,MA_Cross,
2026-03-27 10:04:55.954183,KKGI.JK,354.0,307.42857142857144,377.2857142857143,58.13953488372093,0.42450552844133266,0.06577885391444713,0.00890120254656932,0,MA_Cross,
2026-03-27 10:04:56.577538,LSIP.JK,1345.0,1229.2857142857142,1402.857142857143,71.7948717948718,0.3291454937861262,0.04301646309081253,0.039025193479334835,0,MA_Cross,
2026-03-27 10:04:56.781959,MAIN.JK,910.0,815.7142857142857,957.1428571428571,65.38461538461539,1.396834057317133,0.05180533751962324,0.02447897397952895,0,MA_Cross,
2026-03-27 10:04:57.392202,MEDC.JK,1830.0,1564.2857142857142,1962.857142857143,55.27638190954774,0.359206764285555,0.07259953161592506,0.0924317617866005,0,MA_Cross,
2026-03-27 10:04:57.431520,MEGA.JK,4550.0,4082.8571428571427,4783.571428571428,46.875,0.6457014959019693,0.05133437990580848,0.14950980392156862,0,MA_Cross,
2026-03-27 10:04:57.980695,MSIN.JK,520.0,420.7142857142857,569.6428571428571,33.425414364640886,0.48011959455934494,0.09546703296703297,0.1204560120456012,0,MA_Cross,
2026-03-27 10:04:58.213662,MTWI.JK,366.0,323.42857142857144,387.2857142857143,59.57446808510638,2.2480211081794197,0.058157689305230284,-0.028316524437548563,0,MA_Cross,
2026-03-27 10:04:58.467329,NFCX.JK,1800.0,1537.857142857143,1931.0714285714287,43.790849673202615,0.05614777443241924,0.07281746031746032,0.1263187464885448,0,MA_Cross,
2026-03-27 10:04:58.661968,NOBU.JK,595.0,518.5714285714286,633.2142857142857,49.090909090909086,0.21242684786401314,0.06422569027611044,0.06222563260644563,0,MA_Cross,
2026-03-27 10:04:59.000096,PANS.JK,1680.0,1600.7142857142858,1719.642857142857,34.78260869565217,0.40769244012878125,0.023596938775510206,0.05611582008290543,0,MA_Cross,
2026-03-27 10:04:59.568547,POWR.JK,740.0,700.7142857142857,759.6428571428571,43.99999999999999,0.19033283260581776,0.026544401544401543,0.01935979871400618,0,MA_Cross,
2026-03-27 10:04:59.809812,PSDN.JK,134.0,75.57142857142857,163.21428571428572,54.54545454545455,0.26724400754052224,0.21801705756929637,-0.040548922313536906,0,MA_Cross,
2026-03-27 10:04:59.878882,PTBA.JK,3130.0,2885.714285714286,3252.1428571428573,77.89473684210526,0.7798602153598969,0.03902327704244637,0.07708333333333334,0,MA_Cross,
2026-03-27 10:05:00.153028,RDTX.JK,16000.0,15064.285714285714,16467.85714285714,47.89473684210526,0.3003625064733299,0.02924107142857143,0.03360626372954909,0,MA_Cross,
2026-03-27 10:05:00.322485,ROCK.JK,2550.0,1630.0,3010.0,50.84925690021232,0.300047626607398,0.1803921568627451,0.029862670582138578,0,MA_Cross,
2026-03-27 10:05:00.699218,SILO.JK,2750.0,2585.714285714286,2832.1428571428573,56.60377358490566,0.22334167774103492,0.02987012987012987,0.01545006717420514,0,MA_Cross,
2026-03-27 10:05:00.732709,SIMP.JK,605.0,560.7142857142857,627.1428571428571,50.0,0.7837397919342051,0.03659976387249114,0.012168141592920316,0,MA_Cross,
2026-03-27 10:05:01.317809,TAPG.JK,1695.0,1507.857142857143,1788.5714285714287,54.861111111111114,0.5128869458774155,0.05520438263801095,0.053079442553464834,0,MA_Cross,
2026-03-27 10:05:01.656904,TKIM.JK,9075.0,7457.142857142857,9883.92857142857,36.0,0.351963313270278,0.08913813459268005,0.11957511380880122,0,MA_Cross,
2026-03-27 10:05:02.170412,ULTJ.JK,1570.0,1420.7142857142858,1644.642857142857,42.71844660194174,0.3415935446433097,0.047543221110100085,0.03567711721087544,0,MA_Cross,
2026-03-27 10:05:02.206296,UNTR.JK,30800.0,28846.428571428572,31776.785714285714,65.94202898550725,0.9469521426143912,0.03171382189239332,0.02591505287735201,0,MA_Cross,
2026-03-27 10:05:02.832222,YULE.JK,3370.0,2785.714285714286,3662.1428571428573,60.0,0.28263969920912746,0.08668927511657483,0.013895645828265572,0,MA_Cross,
2026-03-27 10:21:44.095369,AADI.JK,10700.0,9500.0,11300.0,59.876543209876544,0.06300622564964757,0.056074766355140186,0.1421183518905782,0,MA_Cross,
2026-03-27 10:21:44.182549,ABMM.JK,3060.0,2822.8571428571427,3178.5714285714284,57.89473684210526,0.060689951177638285,0.038748832866479926,0.012236199903760193,0,MA_Cross,
2026-03-27 10:21:44.658456,ADRO.JK,2570.0,2347.1428571428573,2681.4285714285716,60.526315789473685,0.04109550861545746,0.0433574207893274,0.056485355648535525,0,MA_Cross,
2026-03-27 10:21:44.749731,AGII.JK,3070.0,2778.5714285714284,3215.714285714286,28.0,0.2941413706880327,0.04746393671475105,0.35053079433268614,0,MA_Cross,
2026-03-27 10:21:45.055582,AKRA.JK,1350.0,1239.2857142857142,1405.357142857143,47.43589743589743,0.07466323800410579,0.041005291005291,0.000584339696143358,0,MA_Cross,
2026-03-27 10:21:45.185047,ALKA.JK,620.0,373.2857142857143,743.3571428571429,54.8132183908046,0.0709271488742135,0.198963133640553,0.15765874106652003,0,MA_Cross,
2026-03-27 10:21:45.266977,AMAN.JK,302.0,246.28571428571428,329.85714285714283,51.35135135135135,0.015885428896371057,0.09224219489120151,0.10505166475315718,0,MA_Cross,
2026-03-27 10:21:45.608365,APLN.JK,163.0,133.71428571428572,177.64285714285714,63.366336633663366,0.169081891953175,0.08983347940403155,-0.03637822656145512,0,MA_Cross,
2026-03-27 10:21:48.012738,BSSR.JK,4100.0,3984.285714285714,4157.857142857143,67.3913043478261,0.059543595450406835,0.01411149825783972,0.0101112748335959,0,MA_Cross,
2026-03-27 10:21:50.201901,ESSA.JK,755.0,654.2857142857143,805.3571428571429,56.25,0.05150019199468447,0.06669820245979186,0.06645428952437402,0,MA_Cross,
2026-03-27 10:21:50.541300,GEMS.JK,8550.0,7989.285714285715,8830.357142857143,61.333333333333336,0.0083315975838367,0.03279030910609858,0.026769173768062246,0,MA_Cross,
2026-03-27 10:21:51.891081,ICON.JK,112.0,65.85714285714286,135.07142857142858,50.292397660818715,0.14602960124600897,0.2059948979591837,0.17458866544789775,0,MA_Cross,
2026-03-27 10:21:51.931344,IDPR.JK,300.0,283.14285714285717,308.42857142857144,54.83870967741936,0.5348988910632746,0.028095238095238097,0.03377437325905289,0,MA_Cross,
2026-03-27 10:21:51.968837,IFSH.JK,2640.0,2240.0,2840.0,70.53140096618358,0.015683953539986684,0.07575757575757576,0.26837352291286376,0,MA_Cross,
2026-03-27 10:21:52.552027,INPS.JK,635.0,479.2857142857143,712.8571428571429,47.8021978021978,0.4100801129561988,0.12260967379077616,0.25260859483691456,0,MA_Cross,
2026-03-27 10:21:52.866879,ITMG.JK,28975.0,26282.14285714286,30321.428571428572,73.34754797441364,0.0768748716475214,0.04646863059287563,0.09885251079060954,0,MA_Cross,
2026-03-27 10:21:53.040503,JRPT.JK,1115.0,1057.142857142857,1143.9285714285713,41.17647058823529,0.46561119530519457,0.025944907110826393,0.0206147616418186,0,MA_Cross,
2026-03-27 10:21:53.526616,KKGI.JK,358.0,311.42857142857144,381.2857142857143,57.647058823529406,0.05582746986992566,0.0650438946528332,0.012725344644750775,0,MA_Cross,
2026-03-27 10:21:54.259199,LSIP.JK,1330.0,1225.7142857142858,1382.142857142857,64.28571428571428,0.01815066947484946,0.03920515574650913,0.04257417604997119,0,MA_Cross,
2026-03-27 10:21:54.367470,MAIN.JK,910.0,830.7142857142857,949.6428571428571,54.23728813559322,0.19627023445142153,0.04356357927786499,0.031477146729087045,0,MA_Cross,
2026-03-27 10:21:54.883093,MEDC.JK,1850.0,1615.0,1967.5,40.26845637583892,0.09101936524552597,0.06351351351351352,0.09141445336627547,0,MA_Cross,
2026-03-27 10:21:54.921261,MEGA.JK,4550.0,4124.285714285715,4762.857142857143,59.055118110236215,0.06620175466786644,0.046781789638932494,0.15856957368534944,0,MA_Cross,
2026-03-27 10:21:55.445062,MPMX.JK,1015.0,987.8571428571429,1028.5714285714287,52.631578947368425,0.02576197442182446,0.013370865587614356,0.0011390649762281866,0,MA_Cross,
2026-03-27 10:21:55.574657,MSIN.JK,515.0,426.42857142857144,559.2857142857143,40.06622516556291,0.018117749152521918,0.08599167822468794,0.11662238601302696,0,MA_Cross,
2026-03-27 10:21:55.743965,MTWI.JK,366.0,326.0,386.0,58.69565217391305,0.03529827038475115,0.0546448087431694,-0.023324426631039848,0,MA_Cross,
2026-03-27 10:21:56.009698,NFCX.JK,1800.0,1537.857142857143,1931.0714285714287,43.790849673202615,0.05614777443241924,0.07281746031746032,0.1263187464885448,0,MA_Cross,
2026-03-27 10:21:56.198132,NOBU.JK,590.0,519.2857142857143,625.3571428571429,57.44680851063829,0.008234017975375426,0.059927360774818396,0.052504988597491496,0,MA_Cross,
2026-03-27 10:21:56.467414,PANS.JK,1670.0,1595.0,1707.5,37.2093023255814,0.003675794890645102,0.02245508982035928,0.05158362659751803,0,MA_Cross,
2026-03-27 10:21:56.901383,POWR.JK,735.0,698.5714285714286,753.2142857142857,45.83333333333333,0.005283797461994342,0.02478134110787172,0.02074312054756254,0,MA_Cross,
2026-03-27 10:21:57.120102,PSDN.JK,132.0,74.85714285714286,160.57142857142858,54.83870967741936,0.010005684075967398,0.21645021645021645,-0.03681839366164369,0,MA_Cross,
2026-03-27 10:21:57.202951,PTBA.JK,3110.0,2880.0,3225.0,71.95121951219512,0.06144751650133382,0.03697749196141479,0.08030736778665053,0,MA_Cross,
2026-03-27 10:21:57.546969,RDTX.JK,16000.0,15064.285714285714,16467.85714285714,47.89473684210526,0.3003625064733299,0.02924107142857143,0.03360626372954909,0,MA_Cross,
2026-03-27 10:21:57.791033,SAFE.JK,390.0,345.7142857142857,412.14285714285717,50.0,0.378283327838224,0.056776556776556776,-0.004110996916752225,0,MA_Cross,
2026-03-27 10:21:58.203920,SILO.JK,2760.0,2615.714285714286,2832.1428571428573,53.06122448979592,0.002519103199261063,0.02613871635610766,0.014676301869924791,0,MA_Cross,
2026-03-27 10:21:58.266018,SIMP.JK,605.0,565.0,625.0,54.54545454545455,0.029870405088849975,0.03305785123966942,0.012593601089176272,0,MA_Cross,
2026-03-27 10:21:59.122274,TAPG.JK,1700.0,1520.0,1790.0,61.06870229007633,0.022084613766485576,0.052941176470588235,0.05888197961407776,0,MA_Cross,
2026-03-27 10:21:59.541582,TKIM.JK,9150.0,7707.142857142857,9871.42857142857,34.814814814814824,0.019995540677039486,0.07884465261514442,0.12731453467263706,0,MA_Cross,
2026-03-27 10:22:00.166617,ULTJ.JK,1575.0,1439.2857142857142,1642.857142857143,46.391752577319586,0.005107435350620956,0.04308390022675737,0.031197247110764804,0,MA_Cross,
2026-03-27 10:22:00.223485,UNTR.JK,30525.0,28642.85714285714,31466.071428571428,62.897526501766784,0.0752873727963308,0.03082953082953083,0.026100175203545295,0,MA_Cross,
2026-03-27 10:22:00.997017,YULE.JK,3370.0,2785.714285714286,3662.1428571428573,60.0,0.28263969920912746,0.08668927511657483,0.013895645828265572,0,MA_Cross,
2026-03-30 09:02:36.313959,AADI.JK,10725.0,9510.714285714286,11332.142857142857,60.24844720496895,0.7937857340615596,0.05661005661005661,0.14219509438227648,0,MA_Cross,
2026-03-30 09:02:36.358959,ABMM.JK,3030.0,2792.8571428571427,3148.5714285714284,55.99999999999999,0.9238305831531703,0.039132484677039135,0.011929317931793117,0,MA_Cross,
2026-03-30 09:02:36.445976,ADES.JK,16925.0,16078.57142857143,17348.214285714286,71.11111111111111,4.030458383594692,0.025005275374551595,0.0007674973055945655,0,MA_Cross,
2026-03-30 09:02:36.547660,ADRO.JK,2540.0,2314.285714285714,2652.8571428571427,58.22784810126581,0.3050345907883581,0.04443194600674916,0.05610776876798317,0,MA_Cross,
2026-03-30 09:02:36.571869,AGII.JK,2890.0,2627.1428571428573,3021.4285714285716,19.40298507462687,0.3793928518020039,0.04547701433514582,0.3310998529171434,0,MA_Cross,
2026-03-30 09:02:36.636325,AIMS.JK,452.0,360.7142857142857,497.64285714285717,55.6390977443609,2.100101058098368,0.10097977243994943,-0.06060866205949266,0,MA_Cross,
2026-03-30 09:02:36.680420,AKKU.JK,39.0,34.142857142857146,41.42857142857143,52.0,0.2757181104506058,0.062271062271062265,-0.01129943502824853,0,MA_Cross,
2026-03-30 09:02:36.723882,AKRA.JK,1355.0,1241.4285714285713,1411.7857142857142,48.10126582278481,0.982907938998961,0.0419082762256194,0.0007011530071674128,0,MA_Cross,
2026-03-30 09:02:36.809061,AMAG.JK,456.0,430.2857142857143,468.85714285714283,72.22222222222223,4.768946395563771,0.028195488721804513,-0.0023993225442227647,0,MA_Cross,
2026-03-30 09:02:36.828444,AMAN.JK,302.0,246.0,330.0,51.35135135135135,0.1821948014343943,0.09271523178807947,0.10505166475315718,0,MA_Cross,
2026-03-30 09:02:37.025911,APLN.JK,156.0,125.57142857142857,171.21428571428572,59.25925925925926,1.2265143884578247,0.09752747252747253,-0.0378179384203481,0,MA_Cross,
2026-03-30 09:02:38.495238,BSSR.JK,4100.0,3981.4285714285716,4159.285714285715,67.3913043478261,1.0303296945032585,0.01445993031358885,0.0101112748335959,0,MA_Cross,
2026-03-30 09:02:39.470995,DSNG.JK,1600.0,1430.7142857142858,1684.642857142857,68.53146853146853,1.799152498525998,0.052901785714285714,-0.022908227406062267,0,MA_Cross,
2026-03-30 09:02:39.757369,ESSA.JK,755.0,650.7142857142857,807.1428571428571,56.25,0.49038583597550106,0.06906338694418165,0.06645428952437402,0,MA_Cross,
2026-03-30 09:02:39.780822,ESTI.JK,186.0,125.85714285714286,216.07142857142858,53.23741007194244,1.7259747475708058,0.16167434715821813,-0.041836079606248626,0,MA_Cross,
2026-03-30 09:02:39.980950,GEMS.JK,8425.0,7846.428571428572,8714.285714285714,58.10810810810811,0.16655301386564172,0.03433658329800763,0.026314163938476742,0,MA_Cross,
2026-03-30 09:02:40.560314,ICON.JK,111.0,64.28571428571428,134.35714285714286,50.0,0.4958804341442683,0.21042471042471042,0.17431938236489228,0,MA_Cross,
2026-03-30 09:02:40.586817,IDPR.JK,302.0,286.57142857142856,309.7142857142857,66.66666666666666,0.449320245656396,0.02554399243140965,0.03370396108408613,0,MA_Cross,
2026-03-30 09:02:40.613959,IFSH.JK,2380.0,2043.5714285714284,2548.214285714286,56.93069306930693,0.03159129885368715,0.07067827130852342,0.2703714231570967,0,MA_Cross,
2026-03-30 09:02:40.930873,INPS.JK,680.0,523.5714285714286,758.2142857142857,46.62921348314607,0.11840747379284124,0.11502100840336134,0.26222027037348183,0,MA_Cross,
2026-03-30 09:02:41.126230,ITMG.JK,28825.0,26050.0,30212.5,72.42105263157895,0.7008721414209544,0.04813529921942758,0.09867548274337215,0,MA_Cross,
2026-03-30 09:02:41.229754,JRPT.JK,1105.0,1046.4285714285713,1134.2857142857142,41.17647058823529,4.396938775510204,0.026502908855850032,0.020605280103026487,0,MA_Cross,
2026-03-30 09:02:41.497602,KKGI.JK,356.0,308.57142857142856,379.7142857142857,57.14285714285714,0.3930296603785104,0.0666131621187801,0.012550082488805065,0,MA_Cross,
2026-03-30 09:02:41.896142,LSIP.JK,1375.0,1264.2857142857142,1430.357142857143,69.86301369863014,0.5773140411956614,0.04025974025974026,0.04365144546649154,0,MA_Cross,
2026-03-30 09:02:41.960005,MAIN.JK,900.0,818.5714285714286,940.7142857142857,52.459016393442624,0.9020397214852617,0.04523809523809524,0.031115218730745534,0,MA_Cross,
2026-03-30 09:02:42.258805,MEDC.JK,1840.0,1603.5714285714287,1958.2142857142858,39.45578231292517,0.3418275055337214,0.06424689440993789,0.09124042500617745,0,MA_Cross,
2026-03-30 09:02:42.281687,MEGA.JK,4690.0,4247.142857142857,4911.428571428572,63.12056737588653,0.3662261612724539,0.04721291501675297,0.15958481998053847,0,MA_Cross,
2026-03-30 09:02:42.626256,MSIN.JK,520.0,430.0,565.0,40.74074074074074,0.4733359917858241,0.08653846153846154,0.11691872670408292,0,MA_Cross,
2026-03-30 09:02:42.728004,MTWI.JK,364.0,321.42857142857144,385.2857142857143,57.4468085106383,0.930546190155091,0.058477237048665615,-0.023494042979623642,0,MA_Cross,
2026-03-30 09:02:42.845670,NFCX.JK,1825.0,1564.2857142857142,1955.357142857143,45.85987261146497,0.5425882928021508,0.07142857142857142,0.12380032406830369,0,MA_Cross,
2026-03-30 09:02:42.944896,NOBU.JK,580.0,507.1428571428571,616.4285714285714,55.102040816326536,0.17875131771133226,0.06280788177339902,0.051989021173451125,0,MA_Cross,
2026-03-30 09:02:43.113476,PANS.JK,1680.0,1605.0,1717.5,39.024390243902445,0.13465708090836473,0.022321428571428572,0.05176245447249824,0,MA_Cross,
2026-03-30 09:02:43.258544,PKPK.JK,2120.0,1810.7142857142858,2274.6428571428573,54.04040404040405,1.5193792595669164,0.07294474393530997,-0.04781879194630877,0,MA_Cross,
2026-03-30 09:02:43.383656,POWR.JK,720.0,680.7142857142857,739.6428571428571,40.74074074074074,0.8621558939195321,0.027281746031746032,0.02012297372833982,0,MA_Cross,
2026-03-30 09:02:43.508585,PSDN.JK,133.0,74.28571428571428,162.35714285714286,55.13513513513514,0.5431219909005779,0.22073039742212675,-0.03657968313140722,0,MA_Cross,
2026-03-30 09:02:43.551627,PTBA.JK,3100.0,2864.285714285714,3217.8571428571427,71.0843373493976,0.5336450182689195,0.038018433179723504,0.08020040684095536,0,MA_Cross,
2026-03-30 09:02:43.742715,RDTX.JK,15925.0,14996.42857142857,16389.285714285714,47.15025906735751,0.3464566929133858,0.029154518950437316,0.03249742623391115,0,MA_Cross,
2026-03-30 09:02:43.855475,ROCK.JK,2450.0,1531.4285714285716,2909.285714285714,53.941441441441434,1.4764518298370826,0.18746355685131194,0.014267990074441649,0,MA_Cross,
2026-03-30 09:02:44.129585,SILO.JK,2750.0,2605.714285714286,2822.1428571428573,52.08333333333334,1.2326075071540095,0.02623376623376623,0.014565638503948706,0,MA_Cross,
2026-03-30 09:02:44.154914,SIMP.JK,615.0,573.5714285714286,635.7142857142857,58.33333333333333,0.7889871857642113,0.03368176538908246,0.013099693773392389,0,MA_Cross,
2026-03-30 09:02:44.530686,TAPG.JK,1705.0,1521.4285714285713,1796.7857142857142,61.36363636363636,0.37539653327650824,0.05383326351068287,0.05897435897435897,0,MA_Cross,
2026-03-30 09:02:44.763854,TKIM.JK,8850.0,7364.285714285714,9592.857142857143,32.971014492753625,0.18846607154377898,0.08393866020984665,0.12631706430907108,0,MA_Cross,
2026-03-30 09:02:45.069136,ULTJ.JK,1555.0,1417.142857142857,1623.9285714285713,44.444444444444436,0.4909245297246377,0.04432705558107487,0.030815690349396057,0,MA_Cross,
2026-03-30 09:02:45.097334,UNTR.JK,30600.0,28646.428571428572,31576.785714285714,63.57142857142857,0.7668323587715541,0.031921101774042955,0.02617612201782862,0,MA_Cross,
2026-03-30 09:02:45.487170,YULE.JK,3370.0,2905.714285714286,3602.1428571428573,57.142857142857146,0.020733445639497215,0.0688851208139042,0.013607921754449968,0,MA_Cross,
2026-03-31 10:02:51.820732,AADI.JK,11675.0,10439.285714285714,12292.857142857143,62.7906976744186,1.3778477562888476,0.05292138268583665,0.1444282755918733,0,MA_Cross,
2026-03-31 10:02:51.905051,ABMM.JK,3140.0,2920.0,3250.0,55.99999999999999,1.7395041334998629,0.03503184713375796,0.01341153872538928,0,MA_Cross,
2026-03-31 10:02:52.027629,ADES.JK,16475.0,15592.857142857143,16916.071428571428,65.3061224489796,1.0085494855817998,0.0267721656189031,0.0016953020571838424,0,MA_Cross,
2026-03-31 10:02:52.201400,AGII.JK,3400.0,3054.285714285714,3572.8571428571427,55.65217391304348,3.0801669970058616,0.05084033613445378,0.3165942378882988,0,MA_Cross,
2026-03-31 10:02:52.325693,AIMS.JK,492.0,397.1428571428571,539.4285714285714,55.97014925373135,1.605643893284642,0.09639953542392567,-0.05735778091208269,0,MA_Cross,
2026-03-31 10:02:52.457131,AKRA.JK,1425.0,1307.857142857143,1483.5714285714287,61.904761904761905,2.5900855544047086,0.04110275689223058,0.0020982281628847107,0,MA_Cross,
2026-03-31 10:02:52.538353,ALKA.JK,600.0,346.1428571428571,726.9285714285714,53.77229080932785,1.0603867912116827,0.21154761904761904,0.14845699053347458,0,MA_Cross,
2026-03-31 10:02:52.563730,AMAG.JK,430.0,400.2857142857143,444.85714285714283,54.166666666666664,1.86229714825902,0.0345514950166113,-0.0037151993980436048,0,MA_Cross,
2026-03-31 10:02:52.601823,AMAN.JK,300.0,244.28571428571428,327.85714285714283,47.142857142857146,0.35091472718080263,0.09285714285714286,0.09162976717611758,0,MA_Cross,
2026-03-31 10:02:52.877795,APLN.JK,160.0,129.0,175.5,58.49056603773585,0.7560188963491585,0.096875,-0.04096834264432046,0,MA_Cross,
2026-03-31 10:02:54.738932,BSSR.JK,4110.0,4000.0,4165.0,61.53846153846154,1.168038575492212,0.01338199513381995,0.01139420392833581,0,MA_Cross,
2026-03-31 10:02:56.005703,DSNG.JK,1730.0,1549.2857142857142,1820.357142857143,72.04968944099379,2.8496960152245236,0.05222956234516928,-0.015072403230298029,0,MA_Cross,
2026-03-31 10:02:56.415603,ESSA.JK,760.0,664.2857142857143,807.8571428571429,52.272727272727266,0.5384378573898569,0.06296992481203006,0.06989961617950993,0,MA_Cross,
2026-03-31 10:02:57.426620,ICON.JK,109.0,63.857142857142854,131.57142857142858,48.538011695906434,0.3884578188475596,0.2070773263433814,0.17426545086119558,0,MA_Cross,
2026-03-31 10:02:57.473957,IDPR.JK,300.0,287.7142857142857,306.14285714285717,47.368421052631575,0.266240298936476,0.020476190476190478,0.034064104343000036,0,MA_Cross,
2026-03-31 10:02:57.511530,IFSH.JK,2150.0,1878.5714285714284,2285.714285714286,37.14285714285714,0.013829770886795642,0.06312292358803986,0.27217685159110117,0,MA_Cross,
2026-03-31 10:02:57.910114,INPS.JK,625.0,470.7142857142857,702.1428571428571,39.42857142857143,0.1559851886360533,0.12342857142857142,0.2650807458114291,0,MA_Cross,
2026-03-31 10:02:58.132443,ITMG.JK,30075.0,27303.571428571428,31460.714285714286,71.82795698924731,1.0973378899446824,0.04607528797054982,0.1068582543766079,0,MA_Cross,
2026-03-31 10:02:58.259895,JRPT.JK,1110.0,1050.0,1140.0,41.17647058823529,0.22984983144345694,0.02702702702702703,0.020501976647972743,0,MA_Cross,
2026-03-31 10:02:58.626063,KKGI.JK,368.0,320.2857142857143,391.85714285714283,56.09756097560975,0.8550246196654067,0.06482919254658386,0.018202167766258267,0,MA_Cross,
2026-03-31 10:02:58.957215,LPGI.JK,670.0,553.5714285714286,728.2142857142857,60.869565217391305,0.13264198721813578,0.08688699360341151,-0.013981152479530287,0,MA_Cross,
2026-03-31 10:02:59.120790,LSIP.JK,1440.0,1320.7142857142858,1499.642857142857,71.7948717948718,0.9791619234655131,0.0414186507936508,0.0497463590247095,0,MA_Cross,
2026-03-31 10:02:59.210119,MAIN.JK,920.0,832.8571428571429,963.5714285714286,58.064516129032256,1.500568445525035,0.04736024844720497,0.03606094114756116,0,MA_Cross,
2026-03-31 10:02:59.646538,MEDC.JK,1930.0,1698.5714285714287,2045.7142857142858,52.05479452054794,0.5952160563467362,0.059955588452997775,0.09121621621621621,0,MA_Cross,
2026-03-31 10:02:59.686119,MEGA.JK,4540.0,4100.0,4760.0,58.169934640522875,0.21588561038102322,0.048458149779735685,0.15742978357768117,0,MA_Cross,
2026-03-31 10:03:00.270604,MSIN.JK,585.0,487.8571428571429,633.5714285714286,51.38121546961325,1.481654459258993,0.08302808302808302,0.1172453408220576,0,MA_Cross,
2026-03-31 10:03:00.387052,MTLA.JK,625.0,537.2857142857143,668.8571428571429,76.66666666666666,3.353964536634326,0.07017142857142857,-0.07752866678076323,0,MA_Cross,
2026-03-31 10:03:00.605671,NFCX.JK,1825.0,1584.2857142857142,1945.357142857143,40.140845070422536,0.10734269727075482,0.06594911937377691,0.11797962226640166,0,MA_Cross,
2026-03-31 10:03:01.047842,PANS.JK,1675.0,1599.2857142857142,1712.857142857143,41.02564102564102,0.19473081328751432,0.022601279317697228,0.04687692497228034,0,MA_Cross,
2026-03-31 10:03:01.361368,POWR.JK,730.0,691.4285714285714,749.2857142857143,44.827586206896555,0.34246130499316474,0.026418786692759294,0.02144154211482054,0,MA_Cross,
2026-03-31 10:03:01.437233,PRDA.JK,2770.0,2578.5714285714284,2865.714285714286,67.74193548387098,5.360971995322139,0.03455389375966993,0.015424696054916956,0,MA_Cross,
2026-03-31 10:03:01.521497,PSDN.JK,131.0,70.28571428571428,161.35714285714286,54.30107526881721,0.44742607201168366,0.23173391494002182,-0.03349914503342144,0,MA_Cross,
2026-03-31 10:03:01.585646,PTBA.JK,3150.0,2932.8571428571427,3258.5714285714284,66.19718309859155,0.7429142544205068,0.034467120181405894,0.08403266896448382,0,MA_Cross,
2026-03-31 10:03:01.837977,RDTX.JK,16850.0,15867.857142857143,17341.071428571428,55.65217391304348,0.010764262648008612,0.0291437049597287,0.029532403609515995,0,MA_Cross,
2026-03-31 10:03:01.994913,ROCK.JK,2390.0,1402.857142857143,2883.5714285714284,55.697674418604656,1.4200738990853474,0.20651524208009564,-0.003156512159986365,0,MA_Cross,
2026-03-31 10:03:02.325444,SILO.JK,2760.0,2614.285714285714,2832.8571428571427,51.06382978723405,0.12090834494962976,0.026397515527950312,0.013719512195121986,0,MA_Cross,
2026-03-31 10:03:02.355899,SIMP.JK,645.0,599.2857142857143,667.8571428571429,65.51724137931035,2.450563833831935,0.035437430786267994,0.014351222826087034,0,MA_Cross,
2026-03-31 10:03:02.687822,SPTO.JK,645.0,618.5714285714286,658.2142857142857,50.0,2.221025577298988,0.020487264673311183,0.0010091600683123385,0,MA_Cross,
2026-03-31 10:03:02.842663,TAPG.JK,1840.0,1646.4285714285713,1936.7857142857142,63.04347826086957,1.226736552648613,0.05260093167701864,0.06565753337165482,0,MA_Cross,
2026-03-31 10:03:03.124064,TKIM.JK,9050.0,7564.285714285714,9792.857142857143,38.372093023255815,0.33486684154453006,0.08208366219415944,0.1321922357060919,0,MA_Cross,
2026-03-31 10:03:03.477922,UNTR.JK,31125.0,29189.285714285714,32092.85714285714,62.36162361623616,0.6629302829544763,0.031095811818703387,0.02712778751331478,0,MA_Cross,
2026-04-01 09:45:44.336640,AADI.JK,11275.0,10075.0,11875.0,61.016949152542374,0.8775619858851641,0.05321507760532151,0.14748640550438352,0,MA_Cross,
2026-04-01 09:45:44.457172,ABMM.JK,3110.0,2910.0,3210.0,58.33333333333334,0.6344106165284346,0.03215434083601286,0.014993838148706074,0,MA_Cross,
2026-04-01 09:45:44.577351,ADES.JK,16525.0,15632.142857142857,16971.428571428572,69.01408450704226,0.47605473204104903,0.027015344715798573,0.0030753709971361623,0,MA_Cross,
2026-04-01 09:45:44.728661,ADRO.JK,2580.0,2370.0,2685.0,61.53846153846154,0.42497434262076594,0.040697674418604654,0.05826499784203712,0,MA_Cross,
2026-04-01 09:45:44.758378,AGII.JK,3600.0,3241.4285714285716,3779.285714285714,60.46511627906977,2.464091476511098,0.0498015873015873,0.3049156969840893,0,MA_Cross,
2026-04-01 09:45:44.929743,AKRA.JK,1405.0,1298.5714285714287,1458.2142857142858,77.61194029850746,1.0650805100291714,0.03787493645144891,0.003682170542635659,0,MA_Cross,
2026-04-01 09:45:45.028783,AMAG.JK,440.0,409.7142857142857,455.14285714285717,59.61538461538462,1.538118922129018,0.03441558441558441,-0.0038989101841412255,0,MA_Cross,
2026-04-01 09:45:45.056762,AMAN.JK,298.0,245.42857142857144,324.2857142857143,50.0,0.13866243053593952,0.08820709491850431,0.07163160886867548,0,MA_Cross,
2026-04-01 09:45:45.309804,APLN.JK,162.0,131.71428571428572,177.14285714285714,65.3061224489796,0.8123666601068019,0.09347442680776014,-0.04392338177014535,0,MA_Cross,
2026-04-01 09:45:45.534044,ASJT.JK,191.0,170.28571428571428,201.35714285714286,48.93617021276596,1.5232815488085263,0.05422587883320868,-0.01466803911477109,0,MA_Cross,
2026-04-01 09:45:47.009377,BSSR.JK,4110.0,4011.4285714285716,4159.285714285715,75.0,0.9324179196072415,0.011991657977059436,0.012879671416256828,0,MA_Cross,
2026-04-01 09:45:48.560997,DSNG.JK,1690.0,1505.0,1782.5,72.04968944099379,2.1843182518521838,0.05473372781065089,-0.007603110679072382,0,MA_Cross,
2026-04-01 09:45:49.068899,ESSA.JK,710.0,615.7142857142857,757.1428571428571,44.23076923076923,0.8622060971791241,0.06639839034205232,0.07295347467608944,0,MA_Cross,
2026-04-01 09:45:49.446106,GJTL.JK,1080.0,1017.8571428571429,1111.0714285714287,56.09756097560975,2.6520501478872807,0.02876984126984127,-0.018503060656650014,0,MA_Cross,
2026-04-01 09:45:50.180568,ICON.JK,108.0,66.71428571428572,128.64285714285714,53.54838709677419,0.16810773263037715,0.19113756613756613,0.16747425802543917,0,MA_Cross,
2026-04-01 09:45:50.209513,IDPR.JK,302.0,290.57142857142856,307.7142857142857,41.17647058823529,1.3130169786678276,0.01892147587511826,0.03439922480620154,0,MA_Cross,
2026-04-01 09:45:50.712541,INKP.JK,10150.0,9028.57142857143,10710.714285714286,54.857142857142854,0.49878597623868853,0.05524278676988036,0.01840085396228333,0,MA_Cross,
2026-04-01 09:45:50.777043,INPS.JK,605.0,450.0,682.5,32.515337423312886,0.9317961947758787,0.128099173553719,0.26283925626030896,0,MA_Cross,
2026-04-01 09:45:51.055158,ITMG.JK,29725.0,26992.85714285714,31091.071428571428,69.7286012526096,0.7281480557183315,0.0459569866634627,0.11445344970906068,0,MA_Cross,
2026-04-01 09:45:51.191620,JRPT.JK,1110.0,1055.0,1137.5,70.0,1.0311827691090285,0.024774774774774775,0.020211299954065228,0,MA_Cross,
2026-04-01 09:45:51.335906,KBLM.JK,340.0,320.57142857142856,349.7142857142857,67.85714285714286,5.7722901579009855,0.02857142857142857,-0.02314703765891092,0,MA_Cross,
2026-04-01 09:45:51.573679,KKGI.JK,358.0,312.0,381.0,54.76190476190476,0.3496155914150443,0.06424581005586592,0.02272727272727264,0,MA_Cross,
2026-04-01 09:45:51.968758,LPGI.JK,660.0,540.0,720.0,55.99999999999999,0.2863351655375176,0.09090909090909091,-0.010755184153512913,0,MA_Cross,
2026-04-01 09:45:52.189102,MAIN.JK,915.0,833.5714285714286,955.7142857142857,69.23076923076923,0.4893531901856042,0.04449648711943794,0.04202401372212687,0,MA_Cross,
2026-04-01 09:45:52.573916,MEDC.JK,1825.0,1609.2857142857142,1932.857142857143,50.331125827814574,0.47251323697517267,0.05909980430528376,0.08989244683451472,0,MA_Cross,
2026-04-01 09:45:52.604262,MEGA.JK,4550.0,4138.571428571428,4755.714285714285,72.0,0.37173607861488067,0.04521193092621664,0.14183205292360215,0,MA_Cross,
2026-04-01 09:45:53.044483,MSIN.JK,630.0,533.5714285714286,678.2142857142857,71.73913043478261,1.662062452028818,0.07653061224489796,0.12318687805700794,0,MA_Cross,
2026-04-01 09:45:53.322923,NFCX.JK,1825.0,1594.2857142857142,1940.357142857143,46.721311475409834,0.46255144032921813,0.06320939334637965,0.11405301622692933,0,MA_Cross,
2026-04-01 09:45:53.631817,PANS.JK,1680.0,1612.142857142857,1713.9285714285713,50.0,0.6799015242784558,0.02019557823129252,0.04219162927908555,0,MA_Cross,
2026-04-01 09:45:53.811693,PKPK.JK,2050.0,1745.0,2202.5,55.5,0.4750815090824406,0.07439024390243902,-0.051389707326654925,0,MA_Cross,
2026-04-01 09:45:53.968518,POWR.JK,720.0,684.2857142857143,737.8571428571429,46.42857142857143,0.2138581294131119,0.024801587301587304,0.02185448959642505,0,MA_Cross,
2026-04-01 09:45:54.046651,PRDA.JK,2700.0,2477.1428571428573,2811.4285714285716,65.625,5.775560901112298,0.04126984126984127,0.018846915209501738,0,MA_Cross,
2026-04-01 09:45:54.122997,PSDN.JK,131.0,68.57142857142857,162.21428571428572,58.38150289017341,1.5272472428305661,0.23827699018538714,-0.0328609250895498,0,MA_Cross,
2026-04-01 09:45:54.174140,PTBA.JK,3180.0,2975.714285714286,3282.1428571428573,73.52941176470588,0.9199359943926793,0.032120395327942496,0.08864059590316574,0,MA_Cross,
2026-04-01 09:45:54.414445,RDTX.JK,16850.0,15875.0,17337.5,56.140350877192986,0.0,0.028931750741839762,0.02689505746404572,0,MA_Cross,
2026-04-01 09:45:54.586947,SAFE.JK,400.0,350.85714285714283,424.57142857142856,60.3448275862069,0.8191189865032706,0.06142857142857143,-0.0055092163525898115,0,MA_Cross,
2026-04-01 09:45:54.850499,SILO.JK,2710.0,2548.5714285714284,2790.714285714286,51.06382978723405,1.5990984672072122,0.029783869267264097,0.011948938696749227,0,MA_Cross,
2026-04-01 09:45:54.879906,SIMP.JK,640.0,596.4285714285714,661.7857142857143,76.0,2.1965347704764326,0.03404017857142857,0.016022380467955316,0,MA_Cross,
2026-04-01 09:45:55.336838,TAPG.JK,1900.0,1706.4285714285713,1996.7857142857142,75.0,1.5693898120658618,0.05093984962406015,0.07197355035605293,0,MA_Cross,
2026-04-01 09:45:55.603542,TKIM.JK,8900.0,7528.571428571428,9585.714285714286,45.6221198156682,0.3396922253737136,0.07704654895666131,0.1374179167419724,0,MA_Cross,
2026-04-01 09:45:56.006748,UNTR.JK,31050.0,29196.428571428572,31976.785714285714,67.06349206349206,1.2613590978239895,0.02984817115251898,0.027981162558867005,0,MA_Cross,
2026-04-01 09:45:56.265128,WEHA.JK,155.0,132.71428571428572,166.14285714285714,61.627906976744185,8.419102537874107,0.07188940092165898,-0.042376552122437225,0,MA_Cross,
2026-04-01 09:45:56.493772,YULE.JK,3400.0,2944.285714285714,3627.8571428571427,61.29032258064516,0.8698030634573304,0.06701680672268907,0.013574934852433242,0,MA_Cross,
2026-04-01 11:11:43.335240,AADI.JK,10975.0,9767.857142857143,11578.57142857143,56.91489361702128,0.32179527540188635,0.05499511877643996,0.14770788619228442,0,MA_Cross,
2026-04-01 11:11:43.498895,ABMM.JK,3070.0,2864.285714285714,3172.8571428571427,51.42857142857142,0.5596092160016622,0.03350395532805956,0.01616430865969523,0,MA_Cross,
2026-04-01 11:11:43.673747,ADES.JK,16575.0,15703.57142857143,17010.714285714286,71.42857142857143,0.16781411359724613,0.026287438052143935,0.004726788382821129,0,MA_Cross,
2026-04-01 11:11:43.912765,ADMR.JK,1995.0,1789.2857142857142,2097.8571428571427,48.091603053435115,0.269990631242571,0.05155746509129968,-0.0027069026016342127,0,MA_Cross,
2026-04-01 11:11:43.961362,ADRO.JK,2530.0,2321.4285714285716,2634.285714285714,56.25,0.21070574945706771,0.04121964991530209,0.0577915376676987,0,MA_Cross,
2026-04-01 11:11:44.027004,AGII.JK,3420.0,3015.714285714286,3622.1428571428573,53.06122448979592,0.9242113106055099,0.05910609857978279,0.2919528566968467,0,MA_Cross,
2026-04-01 11:11:44.168917,AIMS.JK,482.0,395.0,525.5,54.621848739495796,0.07247669153563396,0.09024896265560166,-0.06968345018058214,0,MA_Cross,
2026-04-01 11:11:44.336418,AKRA.JK,1355.0,1247.142857142857,1408.9285714285713,63.23529411764706,0.543560954957226,0.03979968371112283,0.0037527081398946987,0,MA_Cross,
2026-04-01 11:11:44.529391,AMAG.JK,430.0,398.2857142857143,445.85714285714283,53.57142857142857,0.19217877094972066,0.036877076411960134,-0.004788282790348372,0,MA_Cross,
2026-04-01 11:11:44.593569,AMAN.JK,304.0,252.28571428571428,329.85714285714283,51.470588235294116,0.08895346614155164,0.08505639097744361,0.054063604240282725,0,MA_Cross,
2026-04-01 11:11:44.997389,APLN.JK,163.0,132.57142857142858,178.21428571428572,64.58333333333334,0.7034972282336234,0.09333917616126204,-0.04216073781291176,0,MA_Cross,
2026-04-01 11:11:47.847708,BSSR.JK,4090.0,3991.4285714285716,4139.285714285715,69.69696969696969,0.16692775880222913,0.012050296891372686,0.01405775075987842,0,MA_Cross,
2026-04-01 11:11:48.486107,CFIN.JK,330.0,313.42857142857144,338.2857142857143,52.0,0.09724791781026151,0.02510822510822511,0.0012195121951218818,0,MA_Cross,
2026-04-01 11:11:49.297517,DGNS.JK,304.0,261.7142857142857,325.14285714285717,39.99999999999999,0.021166402824210118,0.06954887218045112,0.02479002980222179,0,MA_Cross,
2026-04-01 11:11:49.745940,DSNG.JK,1670.0,1485.0,1762.5,68.18181818181819,0.3628408916581112,0.05538922155688623,-0.0005540933647319258,0,MA_Cross,
2026-04-01 11:11:50.280165,ESSA.JK,690.0,600.7142857142857,734.6428571428571,29.787234042553195,0.3192763983199903,0.06469979296066253,0.0751542756391419,0,MA_Cross,
2026-04-01 11:11:50.422680,FIRE.JK,154.0,125.42857142857143,168.28571428571428,43.80952380952381,2.0714706774670715,0.0927643784786642,-0.15153234960272413,0,MA_Cross,
2026-04-01 11:11:51.872519,ICON.JK,109.0,70.28571428571428,128.35714285714286,48.57142857142856,0.10954974003850142,0.17758846657929228,0.15690418679549117,0,MA_Cross,
2026-04-01 11:11:51.920801,IDPR.JK,304.0,293.14285714285717,309.42857142857144,44.444444444444436,0.16514827048020037,0.01785714285714286,0.03570935212045854,0,MA_Cross,
2026-04-01 11:11:52.448766,INKP.JK,10100.0,8992.857142857143,10653.57142857143,50.609756097560975,0.11411456721709483,0.05480905233380481,0.00787201625190452,0,MA_Cross,
2026-04-01 11:11:52.523602,INPS.JK,610.0,466.42857142857144,681.7857142857143,36.73469387755102,0.030479380364245343,0.11768149882903982,0.2579055059523809,0,MA_Cross,
2026-04-01 11:11:52.947940,ITMG.JK,28650.0,25946.428571428572,30001.785714285714,61.076604554865426,0.36459696989828017,0.047182747444527544,0.12081258137179937,0,MA_Cross,
2026-04-01 11:11:53.148542,JRPT.JK,1110.0,1056.4285714285713,1136.7857142857142,50.0,0.008216504904226365,0.02413127413127413,0.019546664219509916,0,MA_Cross,
2026-04-01 11:11:53.767130,KKGI.JK,356.0,309.7142857142857,379.14285714285717,53.57142857142858,0.178503612323175,0.06500802568218299,0.02678045909358436,0,MA_Cross,
2026-04-01 11:11:53.941371,KOCI.JK,125.0,93.85714285714286,140.57142857142858,41.379310344827594,3.0601940078407064,0.12457142857142857,-0.27793394237526353,0,MA_Cross,
2026-04-01 11:11:54.310300,LPGI.JK,670.0,547.8571428571429,731.0714285714286,59.25925925925926,0.29670171395650297,0.09115138592750532,-0.008907823392718823,0,MA_Cross,
2026-04-01 11:11:54.545214,LSIP.JK,1435.0,1325.7142857142858,1489.642857142857,75.92592592592592,0.20320100180075756,0.03807864609258338,0.06264209158817806,0,MA_Cross,
2026-04-01 11:11:54.734736,MAIN.JK,930.0,850.0,970.0,69.23076923076923,0.8645011138933167,0.043010752688172046,0.04739220715768896,0,MA_Cross,
2026-04-01 11:11:55.247492,MEDC.JK,1800.0,1590.0,1905.0,48.717948717948715,0.10457949216669918,0.058333333333333334,0.08784318500030434,0,MA_Cross,
2026-04-01 11:11:55.282139,MEGA.JK,4600.0,4185.714285714285,4807.142857142857,72.44094488188976,0.14204818120740953,0.04503105590062112,0.130848301806814,0,MA_Cross,
2026-04-01 11:11:55.320302,MERK.JK,3350.0,3140.0,3455.0,63.888888888888886,7.158942131448023,0.03134328358208955,-0.021082441787287604,0,MA_Cross,
2026-04-01 11:11:55.923892,MSIN.JK,625.0,524.2857142857143,675.3571428571429,65.95744680851064,0.3546306623552666,0.08057142857142857,0.1249634243196924,0,MA_Cross,
2026-04-01 11:11:56.333699,NFCX.JK,1830.0,1610.7142857142858,1939.642857142857,46.28099173553719,0.02132954141485958,0.05991412958626073,0.10932773628001723,0,MA_Cross,
2026-04-01 11:11:56.519413,NOBU.JK,590.0,525.7142857142857,622.1428571428571,55.26315789473684,0.07401127003706685,0.054479418886198554,0.020987961220213878,0,MA_Cross,
2026-04-01 11:11:56.808852,PANS.JK,1690.0,1628.5714285714287,1720.7142857142858,45.16129032258065,0.2460486028742449,0.018174133558748945,0.03798749080206037,0,MA_Cross,
2026-04-01 11:11:57.274573,POWR.JK,735.0,700.0,752.5,48.275862068965516,0.11838881614369777,0.023809523809523808,0.021632937892533146,0,MA_Cross,
2026-04-01 11:11:57.490478,PSDN.JK,131.0,71.0,161.0,55.55555555555556,0.07893214073397596,0.22900763358778625,-0.031352363125877365,0,MA_Cross,
2026-04-01 11:11:57.573518,PTBA.JK,3090.0,2882.8571428571427,3193.5714285714284,59.09090909090909,0.33340562965017173,0.03351826167360148,0.09151537606520933,0,MA_Cross,
2026-04-01 11:11:57.905576,RDTX.JK,16850.0,15875.0,17337.5,56.140350877192986,0.0,0.028931750741839762,0.02689505746404572,0,MA_Cross,
2026-04-01 11:11:58.125642,SAFE.JK,406.0,353.42857142857144,432.2857142857143,61.016949152542374,0.5112528891113786,0.06474313863476425,-0.0037574634548074417,0,MA_Cross,
2026-04-01 11:11:58.162120,SAME.JK,348.0,314.57142857142856,364.7142857142857,69.81132075471697,0.07685340579131036,0.04802955665024631,-0.004519505233111268,0,MA_Cross,
2026-04-01 11:11:58.474827,SILO.JK,2760.0,2598.5714285714284,2840.714285714286,53.06122448979592,0.24120414803717316,0.02924430641821946,0.01077618130647308,0,MA_Cross,
2026-04-01 11:11:58.516651,SIMP.JK,635.0,591.4285714285714,656.7857142857143,68.18181818181819,0.8874950552876371,0.0343082114735658,0.018032509312563456,0,MA_Cross,
2026-04-01 11:11:58.916875,SPTO.JK,655.0,626.4285714285714,669.2857142857143,53.33333333333333,0.5882792974406877,0.021810250817884406,7.7615647314428e-05,0,MA_Cross,
2026-04-01 11:11:59.121906,TAPG.JK,1830.0,1637.142857142857,1926.4285714285713,62.400000000000006,0.34457384708602196,0.05269320843091335,0.07667468658984418,0,MA_Cross,
2026-04-01 11:11:59.513725,TKIM.JK,9125.0,7792.857142857143,9791.07142857143,41.0,0.305633593765368,0.07299412915851272,0.13385188299597572,0,MA_Cross,
2026-04-01 11:12:00.045572,UNTR.JK,31325.0,29428.571428571428,32273.214285714286,64.52991452991452,0.33390743032340287,0.03027020864211606,0.02780403953588311,0,MA_Cross,
2026-04-01 11:12:00.717148,YULE.JK,3410.0,2971.4285714285716,3629.285714285714,64.51612903225806,1.3333333333333333,0.06430666108085463,0.013648468708388787,0,MA_Cross,
2026-04-01 15:03:26.831110,AADI.JK,10800.0,9592.857142857143,11403.57142857143,54.87179487179487,0.6967749938588023,0.05588624338624339,0.147186743008148,0,MA_Cross,
2026-04-01 15:03:26.980584,AALI.JK,7675.0,7285.714285714285,7869.642857142857,76.92307692307693,1.5615388765984999,0.025360632852489528,-0.017099726137198585,0,MA_Cross,
2026-04-01 15:03:27.043292,ABMM.JK,3050.0,2844.285714285714,3152.8571428571427,50.0,0.6757300030612734,0.03372365339578454,0.015961446441998706,0,MA_Cross,
2026-04-01 15:03:27.231705,ADES.JK,16575.0,15692.857142857143,17016.071428571428,71.42857142857143,0.45515584140221926,0.02661064425770308,0.004726788382821129,0,MA_Cross,
2026-04-01 15:03:27.382706,ADMR.JK,2000.0,1788.5714285714287,2105.714285714286,48.48484848484849,1.0769649905539336,0.05285714285714285,-0.002631578947368421,0,MA_Cross,
2026-04-01 15:03:27.419638,ADRO.JK,2500.0,2287.1428571428573,2606.4285714285716,54.21686746987952,0.6878718597175166,0.04257142857142857,0.05741935483870968,0,MA_Cross,
2026-04-01 15:03:27.471091,AGII.JK,3460.0,3055.714285714286,3662.1428571428573,54.54545454545455,1.1066964245538566,0.058422791081750615,0.29232990012484406,0,MA_Cross,
2026-04-01 15:03:27.988390,AKRA.JK,1335.0,1225.0,1390.0,59.72222222222222,0.9159780716846753,0.04119850187265917,0.003289473684210526,0,MA_Cross,
2026-04-01 15:03:28.061293,ALDO.JK,575.0,518.5714285714286,603.2142857142857,64.0,1.816925557233155,0.049068322981366465,-0.007451966241695057,0,MA_Cross,
2026-04-01 15:03:28.100245,ALKA.JK,725.0,467.0,854.0,56.70103092783505,1.9079466211384135,0.17793103448275863,0.14007853930321545,0,MA_Cross,
2026-04-01 15:03:28.176185,AMAN.JK,306.0,253.71428571428572,332.14285714285717,52.17391304347826,0.23763404296661525,0.08543417366946779,0.05426794799321635,0,MA_Cross,
2026-04-01 15:03:28.520329,APLN.JK,160.0,129.14285714285714,175.42857142857142,62.88659793814433,0.9349823163397853,0.09642857142857143,-0.04277052853565315,0,MA_Cross,
2026-04-01 15:03:30.837263,BMHS.JK,195.0,178.14285714285714,203.42857142857142,53.33333333333333,0.9126978903109112,0.04322344322344322,-0.01598505293751304,0,MA_Cross,
2026-04-01 15:03:31.534055,BSSR.JK,4090.0,3990.0,4140.0,69.69696969696969,0.46183913425718026,0.012224938875305624,0.01405775075987842,0,MA_Cross,
2026-04-01 15:03:32.154987,CFIN.JK,332.0,315.42857142857144,340.2857142857143,53.846153846153854,0.16211451363957216,0.024956970740103272,0.0014022680160955356,0,MA_Cross,
2026-04-01 15:03:32.302282,CMNP.JK,1450.0,1339.2857142857142,1505.357142857143,57.8125,0.49207755142210413,0.03817733990147783,-0.020045700041545524,0,MA_Cross,
2026-04-01 15:03:33.317958,DSNG.JK,1680.0,1495.0,1772.5,69.07894736842105,0.6371860758266266,0.05505952380952381,-0.00034626038781163435,0,MA_Cross,
2026-04-01 15:03:33.924252,FIRE.JK,154.0,125.42857142857143,168.28571428571428,43.80952380952381,3.0637403106530843,0.0927643784786642,-0.15153234960272413,0,MA_Cross,
2026-04-01 15:03:35.992993,ICON.JK,108.0,69.28571428571428,127.35714285714286,48.20143884892086,0.1348379155445139,0.17923280423280424,0.1566337829675861,0,MA_Cross,
2026-04-01 15:03:36.058469,IDPR.JK,304.0,293.14285714285717,309.42857142857144,44.444444444444436,0.19246801261372287,0.01785714285714286,0.03570935212045854,0,MA_Cross,
2026-04-01 15:03:36.852020,INKP.JK,9975.0,8850.0,10537.5,49.112426035502956,0.22301521513922803,0.05639097744360902,0.007493014986029972,0,MA_Cross,
2026-04-01 15:03:36.943346,INPS.JK,605.0,461.42857142857144,676.7857142857143,36.3013698630137,0.11091837075090903,0.11865407319952775,0.2576744186046512,0,MA_Cross,
2026-04-01 15:03:37.314486,ITMG.JK,28275.0,25496.428571428572,29664.285714285714,59.23694779116466,0.6756752599046837,0.0491347732727043,0.12038491751767479,0,MA_Cross,
2026-04-01 15:03:37.532186,JRPT.JK,1100.0,1046.4285714285713,1126.7857142857142,37.5,0.16406807296443493,0.02435064935064935,0.019274896741624598,0,MA_Cross,
2026-04-01 15:03:38.269131,KKGI.JK,356.0,309.7142857142857,379.14285714285717,53.57142857142858,0.24136331820187953,0.06500802568218299,0.02678045909358436,0,MA_Cross,
2026-04-01 15:03:38.456116,KOCI.JK,138.0,105.71428571428572,154.14285714285714,49.00000000000001,5.932628994457051,0.11697722567287784,-0.27523096713834644,0,MA_Cross,
2026-04-01 15:03:38.955169,LPGI.JK,665.0,542.8571428571429,726.0714285714286,57.692307692307686,0.5792163543441227,0.09183673469387754,-0.009141617601487415,0,MA_Cross,
2026-04-01 15:03:39.208017,LSIP.JK,1460.0,1348.5714285714287,1515.7142857142858,78.94736842105263,0.4810041915292385,0.03816046966731898,0.06322538754971195,0,MA_Cross,
2026-04-01 15:03:39.325841,MAIN.JK,920.0,840.0,960.0,68.0,1.2149198769147989,0.043478260869565216,0.047037263286499695,0,MA_Cross,
2026-04-01 15:03:40.006620,MEDC.JK,1705.0,1480.0,1817.5,43.42857142857143,0.48588003773080574,0.06598240469208211,0.08620794734275966,0,MA_Cross,
2026-04-01 15:03:40.073096,MEGA.JK,4500.0,4075.714285714286,4712.142857142857,68.50393700787401,0.680704047808021,0.04714285714285714,0.13012246196257227,0,MA_Cross,
2026-04-01 15:03:40.195816,MERK.JK,3450.0,3225.714285714286,3562.1428571428573,68.29268292682927,10.472119681367786,0.03250517598343685,-0.02012578616352201,0,MA_Cross,
2026-04-01 15:03:41.411841,MSIN.JK,645.0,540.7142857142857,697.1428571428571,68.83561643835617,0.772682773701173,0.08084163898117387,0.12611201603809044,0,MA_Cross,
2026-04-01 15:03:41.806338,NFCX.JK,1835.0,1614.2857142857142,1945.357142857143,46.721311475409834,0.0832816514574289,0.06014013234721682,0.10941358024691358,0,MA_Cross,
2026-04-01 15:03:42.004419,NOBU.JK,580.0,514.2857142857143,612.8571428571429,52.77777777777778,0.2537404882704678,0.05665024630541871,0.02046253863369921,0,MA_Cross,
2026-04-01 15:03:42.341270,PANS.JK,1690.0,1628.5714285714287,1720.7142857142858,45.16129032258065,0.2585731613187783,0.018174133558748945,0.03798749080206037,0,MA_Cross,
2026-04-01 15:03:42.602806,PKPK.JK,2060.0,1752.142857142857,2213.9285714285716,53.403141361256544,0.2963455664404306,0.07472260748959778,-0.05267411107846016,0,MA_Cross,
2026-04-01 15:03:42.867576,POWR.JK,730.0,695.0,747.5,46.42857142857143,0.20286339396464484,0.023972602739726026,0.021426577331099976,0,MA_Cross,
2026-04-01 15:03:43.098010,PSDN.JK,129.0,68.85714285714286,159.07142857142858,54.8780487804878,0.14632125596613935,0.23311184939091917,-0.03183023872679055,0,MA_Cross,
2026-04-01 15:03:43.176546,PTBA.JK,3020.0,2807.1428571428573,3126.4285714285716,53.424657534246585,0.6821282300652363,0.035241248817407755,0.09078440094899173,0,MA_Cross,
2026-04-01 15:03:43.571551,RDTX.JK,16850.0,15875.0,17337.5,56.140350877192986,0.0,0.028931750741839762,0.02689505746404572,0,MA_Cross,
2026-04-01 15:03:43.865145,SAME.JK,348.0,314.2857142857143,364.85714285714283,69.81132075471697,0.2759252727110894,0.048440065681444995,-0.004519505233111268,0,MA_Cross,
2026-04-01 15:03:44.231282,SILO.JK,2740.0,2577.1428571428573,2821.4285714285716,51.06382978723405,0.49849131059594387,0.029718456725755998,0.010555555555555556,0,MA_Cross,
2026-04-01 15:03:44.271828,SIMP.JK,640.0,596.4285714285714,661.7857142857143,71.42857142857143,1.2936772938846426,0.03404017857142857,0.018283392585068486,0,MA_Cross,
2026-04-01 15:03:44.720936,SPTO.JK,660.0,631.4285714285714,674.2857142857143,56.25,0.7689150362566699,0.021645021645021648,0.0003104144032283804,0,MA_Cross,
2026-04-01 15:03:45.041810,TAPG.JK,1815.0,1619.2857142857142,1912.857142857143,60.9375,0.7733948815572654,0.05391578118850846,0.07640428091951118,0,MA_Cross,
2026-04-01 15:03:45.705911,TKIM.JK,8950.0,7617.857142857143,9616.07142857143,38.86010362694301,0.3916307532339894,0.07442138866719872,0.13327725033048912,0,MA_Cross,
2026-04-01 15:03:46.400478,UNTR.JK,31100.0,29203.571428571428,32048.214285714286,63.11111111111111,0.7129959301042097,0.030489205328433622,0.027576247292232577,0,MA_Cross,
2026-04-01 15:03:47.170266,YULE.JK,3410.0,2971.4285714285716,3629.285714285714,64.51612903225806,1.3285457809694794,0.06430666108085463,0.013648468708388787,0,MA_Cross,
2026-04-02 10:17:22.384575,AADI.JK,10950.0,9721.42857142857,11564.285714285714,56.07476635514018,0.16411280954813878,0.05609915198956295,0.1464307171336501,0,MA_Cross,
2026-04-02 10:17:22.426091,AALI.JK,7625.0,7246.428571428572,7814.285714285715,70.37037037037037,0.07794897630742964,0.024824355971896955,-0.015733564938535543,0,MA_Cross,
2026-04-02 10:17:22.454614,ABMM.JK,3020.0,2822.8571428571427,3118.5714285714284,50.0,0.016205659263296545,0.032639545884579,0.01725316023231978,0,MA_Cross,
2026-04-02 10:17:22.566481,ADES.JK,16450.0,15567.857142857143,16891.071428571428,69.50354609929077,0.5732349841938883,0.026812852800694745,0.0044838678233745976,0,MA_Cross,
2026-04-02 10:17:22.707295,ADRO.JK,2570.0,2354.285714285714,2677.8571428571427,59.55056179775281,0.06982978517840752,0.041967759866592555,0.05884621978398774,0,MA_Cross,
2026-04-02 10:17:22.739618,AGII.JK,3340.0,2894.285714285714,3562.8571428571427,50.322580645161295,0.0859733975369143,0.06672369546621043,0.2808517192252898,0,MA_Cross,
2026-04-02 10:17:22.932448,AKRA.JK,1365.0,1257.142857142857,1418.9285714285713,65.27777777777777,0.026503886191217386,0.03950811093668237,0.00610227097172879,0,MA_Cross,
2026-04-02 10:17:23.022167,ALKA.JK,890.0,625.5714285714286,1022.2142857142858,57.718120805369125,0.869368631063736,0.1485553772070626,0.14812429826299459,0,MA_Cross,
2026-04-02 10:17:23.053109,AMAG.JK,434.0,400.85714285714283,450.57142857142856,55.55555555555556,1.4236814530213062,0.03818301514154049,-0.00450577302168407,0,MA_Cross,
2026-04-02 10:17:23.082137,AMAN.JK,302.0,254.28571428571428,325.85714285714283,69.23076923076923,0.07467606850611137,0.07899716177861874,0.04611923509561306,0,MA_Cross,
2026-04-02 10:17:23.375215,APLN.JK,167.0,137.42857142857142,181.78571428571428,70.10309278350516,0.05506856399242857,0.08853721129170232,-0.03149295032283569,0,MA_Cross,
2026-04-02 10:17:23.609969,ASGR.JK,1690.0,1564.2857142857142,1752.857142857143,57.943925233644855,0.10072068271956132,0.037193575655114115,-0.003913647266759276,0,MA_Cross,
2026-04-02 10:17:25.058490,BMHS.JK,196.0,179.28571428571428,204.35714285714286,54.83870967741936,0.1358768335348305,0.04263848396501458,-0.015355882963270283,0,MA_Cross,
2026-04-02 10:17:25.504471,BSSR.JK,4090.0,3991.4285714285716,4139.285714285715,66.66666666666666,0.09037362859598565,0.012050296891372686,0.015233564451642242,0,MA_Cross,
2026-04-02 10:17:25.997524,CFIN.JK,332.0,316.2857142857143,339.85714285714283,52.0,0.002003844216931956,0.023666092943201374,-0.0010364589684185826,0,MA_Cross,
2026-04-02 10:17:26.122700,CMNP.JK,1445.0,1334.2857142857142,1500.357142857143,57.142857142857146,1.6136662286465178,0.03830944142362827,-0.02015095907485625,0,MA_Cross,
2026-04-02 10:17:26.274217,COCO.JK,370.0,304.8571428571429,402.57142857142856,57.692307692307686,1.8815046833951097,0.08803088803088803,-0.010750772154906166,0,MA_Cross,
2026-04-02 10:17:26.616577,DGNS.JK,302.0,261.42857142857144,322.2857142857143,45.283018867924525,0.00015898061628835905,0.06717123935666981,0.016698087799622875,0,MA_Cross,
2026-04-02 10:17:26.945897,DSNG.JK,1685.0,1503.5714285714287,1775.7142857142858,68.18181818181819,0.02741019308315997,0.05383637134378974,0.007836233084783146,0,MA_Cross,
2026-04-02 10:17:27.397017,ESSA.JK,695.0,605.0,740.0,35.84905660377359,0.05979729575952054,0.06474820143884892,0.07797828638497649,0,MA_Cross,
2026-04-02 10:17:27.786237,GJTL.JK,1080.0,1020.0,1110.0,56.75675675675676,0.05271669592966489,0.027777777777777776,-0.02005384829635123,0,MA_Cross,
2026-04-02 10:17:28.552491,ICON.JK,106.0,69.71428571428572,124.14285714285714,42.74809160305343,0.01183744186217104,0.17115902964959567,0.13955823293172698,0,MA_Cross,
2026-04-02 10:17:28.583031,IDPR.JK,308.0,298.0,313.0,55.55555555555556,0.06110090742121438,0.016233766233766232,0.03845093715545744,0,MA_Cross,
2026-04-02 10:17:28.994028,INKP.JK,9925.0,8896.42857142857,10439.285714285714,60.58394160583942,0.008880304594447589,0.051817200431810005,-0.002286004572009144,0,MA_Cross,
2026-04-02 10:17:29.055312,INPS.JK,625.0,477.1428571428571,698.9285714285714,37.99999999999999,0.2641531293704847,0.11828571428571429,0.2585982524632832,0,MA_Cross,
2026-04-02 10:17:29.325485,ITMG.JK,27875.0,25121.428571428572,29251.785714285714,53.7344398340249,0.2802824128111957,0.04939141575912876,0.12542442638131496,0,MA_Cross,
2026-04-02 10:17:29.969378,KKGI.JK,348.0,301.42857142857144,371.2857142857143,50.57471264367816,0.028559232724077184,0.06691297208538588,0.02979274611398965,0,MA_Cross,
2026-04-02 10:17:30.384930,LPGI.JK,665.0,546.4285714285714,724.2857142857143,55.55555555555556,0.16526686534814414,0.08915145005370569,-0.006360533664287966,0,MA_Cross,
2026-04-02 10:17:30.583258,LSIP.JK,1465.0,1357.142857142857,1518.9285714285713,78.57142857142857,0.027964466676750916,0.03681131155533886,0.06978341684176491,0,MA_Cross,
2026-04-02 10:17:30.686591,MAIN.JK,925.0,842.1428571428571,966.4285714285714,65.95744680851064,0.11164448473361079,0.04478764478764479,0.053064457170707874,0,MA_Cross,
2026-04-02 10:17:31.137148,MEDC.JK,1720.0,1510.0,1825.0,47.42857142857144,0.08992306062998408,0.061046511627906974,0.08457000364919107,0,MA_Cross,
2026-04-02 10:17:31.178081,MEGA.JK,4250.0,3777.1428571428573,4486.428571428572,57.615894039735096,0.09755074211989301,0.055630252100840334,0.11447055716926327,0,MA_Cross,
2026-04-02 10:17:31.210731,MERK.JK,3450.0,3231.4285714285716,3559.285714285714,70.93023255813954,0.07702182284980745,0.031677018633540374,-0.015422791808016055,0,MA_Cross,
2026-04-02 10:17:31.704148,MSIN.JK,710.0,600.0,765.0,74.50980392156862,0.26481710297505223,0.07746478873239436,0.13509663032705652,0,MA_Cross,
2026-04-02 10:17:32.029120,NFCX.JK,1850.0,1637.857142857143,1956.0714285714287,54.54545454545455,0.018341892883345562,0.057335907335907335,0.10526963044948659,0,MA_Cross,
2026-04-02 10:17:32.504984,PANS.JK,1690.0,1628.5714285714287,1720.7142857142858,45.16129032258065,0.30309698003190494,0.018174133558748945,0.03798749080206037,0,MA_Cross,
2026-04-02 10:17:32.902292,POWR.JK,730.0,697.1428571428571,746.4285714285714,52.0,0.009561324089933106,0.022504892367906065,0.020159040178571494,0,MA_Cross,
2026-04-02 10:17:33.143569,PTBA.JK,3020.0,2807.1428571428573,3126.4285714285716,52.50000000000001,0.08835004271679739,0.035241248817407755,0.09278122232063776,0,MA_Cross,
2026-04-02 10:17:33.415612,RDTX.JK,16850.0,15875.0,17337.5,56.140350877192986,0.0,0.028931750741839762,0.023984375,0,MA_Cross,
2026-04-02 10:17:33.625467,SAFE.JK,406.0,353.14285714285717,432.42857142857144,61.016949152542374,1.0084591831439098,0.06509500351864883,-0.0037574634548074417,0,MA_Cross,
2026-04-02 10:17:33.658385,SAME.JK,346.0,313.42857142857144,362.2857142857143,71.15384615384616,0.0032661837704689354,0.04706853839801817,-0.0024410573946177455,0,MA_Cross,
2026-04-02 10:17:33.922027,SILO.JK,2740.0,2590.0,2815.0,60.97560975609756,0.036682959780089876,0.02737226277372263,0.009316770186335336,0,MA_Cross,
2026-04-02 10:17:33.956165,SIMP.JK,630.0,585.0,652.5,63.63636363636363,0.05404425995358593,0.03571428571428571,0.019191748393642245,0,MA_Cross,
2026-04-02 10:17:34.299743,SPTO.JK,665.0,637.1428571428571,678.9285714285714,58.82352941176471,0.0081938917571725,0.020945220193340493,0.000310173697270542,0,MA_Cross,
2026-04-02 10:17:34.493440,TAPG.JK,1820.0,1630.0,1915.0,57.72357723577235,0.02651348518038104,0.0521978021978022,0.08128979385992564,0,MA_Cross,
2026-04-02 10:17:34.802579,TKIM.JK,8675.0,7385.714285714286,9319.642857142857,42.94117647058823,0.15947486955496684,0.07431041580897488,0.11741060715142788,0,MA_Cross,
2026-04-02 10:17:35.290034,UNTR.JK,31400.0,29521.428571428572,32339.285714285714,63.93442622950819,0.049886883050925715,0.02991355777979982,0.0290830625333127,0,MA_Cross,
2026-04-02 10:17:35.900942,YULE.JK,3410.0,2971.4285714285716,3629.285714285714,64.51612903225806,1.3405100602332436,0.06430666108085463,0.013648468708388787,0,MA_Cross,
2026-04-02 11:56:07.146959,AADI.JK,10925.0,9696.42857142857,11539.285714285714,55.86854460093896,0.49399256553010473,0.05622752533507683,0.146356783919598,0,MA_Cross,
2026-04-02 11:56:07.228859,AALI.JK,7750.0,7360.714285714285,7944.642857142857,78.57142857142857,0.4614360515787234,0.02511520737327189,-0.015227409336806252,0,MA_Cross,
2026-04-02 11:56:07.279392,ABMM.JK,3020.0,2821.4285714285716,3119.285714285714,50.0,0.17464997909246896,0.03287606433301798,0.01725316023231978,0,MA_Cross,
2026-04-02 11:56:07.416341,ADES.JK,16500.0,15639.285714285714,16930.35714285714,68.84057971014492,0.042295220640067674,0.02608225108225108,0.005642755221170061,0,MA_Cross,
2026-04-02 11:56:07.556514,ADRO.JK,2530.0,2310.0,2640.0,57.64705882352941,0.5787895197140678,0.043478260869565216,0.05835191219344877,0,MA_Cross,
2026-04-02 11:56:07.585484,AGII.JK,3440.0,2978.5714285714284,3670.714285714286,53.594771241830074,0.7374892267067648,0.06706810631229236,0.28178985033280757,0,MA_Cross,
2026-04-02 11:56:07.758975,AKRA.JK,1360.0,1251.4285714285713,1414.2857142857142,64.78873239436619,0.16541418998585689,0.03991596638655462,0.005986867516415605,0,MA_Cross,
2026-04-02 11:56:07.856101,ALKA.JK,890.0,624.8571428571429,1022.5714285714286,57.718120805369125,2.055712093219283,0.14895666131621188,0.14812429826299459,0,MA_Cross,
2026-04-02 11:56:07.890868,AMAG.JK,432.0,398.2857142857143,448.85714285714283,55.55555555555556,0.053502287926786345,0.03902116402116402,-0.004970458595142091,0,MA_Cross,
2026-04-02 11:56:07.921498,AMAN.JK,308.0,258.85714285714283,332.57142857142856,72.54901960784314,0.36531458793968985,0.07977736549165121,0.04673225579761052,0,MA_Cross,
2026-04-02 11:56:08.174161,APLN.JK,166.0,136.0,181.0,69.38775510204081,0.20535082159116788,0.09036144578313253,-0.03169478123352664,0,MA_Cross,
2026-04-02 11:56:08.346166,ASGR.JK,1655.0,1529.2857142857142,1717.857142857143,55.0,0.3666409517235779,0.03798014674147605,-0.004578465424692138,0,MA_Cross,
2026-04-02 11:56:09.390814,BJBR.JK,825.0,797.1428571428571,838.9285714285714,52.17391304347826,0.2997089397089397,0.016883116883116882,-0.008405408697770712,0,MA_Cross,
2026-04-02 11:56:09.528831,BMHS.JK,194.0,177.0,202.5,51.515151515151516,0.5315283668793549,0.04381443298969072,-0.01567040265670408,0,MA_Cross,
2026-04-02 11:56:09.964122,BSSR.JK,4080.0,3980.0,4130.0,64.51612903225806,0.20285173850475394,0.012254901960784314,0.015158416843810125,0,MA_Cross,
2026-04-02 11:56:10.382320,CFIN.JK,334.0,318.0,342.0,53.846153846153854,0.6234001134290839,0.023952095808383235,-0.0008534503779565128,0,MA_Cross,
2026-04-02 11:56:10.675688,COCO.JK,338.0,269.7142857142857,372.14285714285717,51.492537313432834,4.976190503512805,0.10101437024513948,-0.013627707688645513,0,MA_Cross,
2026-04-02 11:56:11.273983,DSNG.JK,1730.0,1540.0,1825.0,69.93865030674846,0.6320012783794082,0.05491329479768786,0.008762851031532496,0,MA_Cross,
2026-04-02 11:56:11.675731,ESSA.JK,690.0,599.2857142857143,735.3571428571429,34.61538461538461,0.22753399484457232,0.06573498964803312,0.07776962582538519,0,MA_Cross,
2026-04-02 11:56:12.023585,GJTL.JK,1095.0,1033.5714285714287,1125.7142857142858,60.526315789473685,0.39548575574653333,0.028049575994781476,-0.019630592166326424,0,MA_Cross,
2026-04-02 11:56:12.761509,ICON.JK,107.0,70.71428571428572,125.14285714285714,43.07692307692308,0.03253769187185123,0.16955941255006676,0.13983135916482625,0,MA_Cross,
2026-04-02 11:56:12.793118,IDPR.JK,308.0,297.42857142857144,313.2857142857143,55.55555555555556,0.3202010230638069,0.017161410018552876,0.03845093715545744,0,MA_Cross,
2026-04-02 11:56:13.276438,INPS.JK,565.0,420.0,637.5,39.04109589041096,0.00840696432925035,0.12831858407079647,0.2484267416894944,0,MA_Cross,
2026-04-02 11:56:13.555867,ITMG.JK,27325.0,24560.714285714286,28707.14285714286,51.41129032258064,0.7004872590960048,0.050581623317213435,0.12480184464620263,0,MA_Cross,
2026-04-02 11:56:13.584799,JAYA.JK,136.0,98.14285714285714,154.92857142857142,56.62650602409638,0.5930985778187077,0.13918067226890754,0.008834765998089775,0,MA_Cross,
2026-04-02 11:56:13.697698,JRPT.JK,1110.0,1067.857142857143,1131.0714285714287,50.0,0.2509578544061303,0.018983268983268985,0.01897689768976902,0,MA_Cross,
2026-04-02 11:56:14.089544,KKGI.JK,346.0,299.42857142857144,369.2857142857143,50.0,0.12117691524281371,0.06729975227085053,0.029619597220586512,0,MA_Cross,
2026-04-02 11:56:14.828961,LPGI.JK,670.0,551.4285714285714,729.2857142857143,57.142857142857146,0.38054401715127967,0.08848614072494669,-0.006126880719714666,0,MA_Cross,
2026-04-02 11:56:15.063122,LSIP.JK,1460.0,1348.5714285714287,1515.7142857142858,78.18181818181819,0.4946486549471535,0.03816046966731898,0.06966782510304699,0,MA_Cross,
2026-04-02 11:56:15.248834,MAIN.JK,910.0,822.8571428571429,953.5714285714286,62.5,0.2231839669751648,0.04788069073783359,0.05253534861043396,0,MA_Cross,
2026-04-02 11:56:15.914777,MEDC.JK,1695.0,1485.0,1800.0,45.88235294117648,0.27704394460288934,0.061946902654867256,0.08413944150392405,0,MA_Cross,
2026-04-02 11:56:15.963416,MEGA.JK,4260.0,3787.1428571428573,4496.428571428572,57.89473684210526,0.1951881425812849,0.05549966465459423,0.1145437262357415,0,MA_Cross,
2026-04-02 11:56:16.002894,MERK.JK,3320.0,3082.8571428571427,3438.5714285714284,61.61616161616161,1.7435629329499411,0.03571428571428571,-0.016661427224143353,0,MA_Cross,
2026-04-02 11:56:16.960977,NFCX.JK,1830.0,1617.857142857143,1936.0714285714287,52.83018867924528,0.03847915712322492,0.057962529274004686,0.10492650224491044,0,MA_Cross,
2026-04-02 11:56:17.506449,PANS.JK,1690.0,1630.7142857142858,1719.642857142857,46.666666666666664,0.02673876229240322,0.01754015215553677,0.03380238605078006,0,MA_Cross,
2026-04-02 11:56:18.001795,POWR.JK,725.0,690.7142857142857,742.1428571428571,50.0,0.09747269084092819,0.023645320197044333,0.01995256034603035,0,MA_Cross,
2026-04-02 11:56:18.211680,PSDN.JK,129.0,73.85714285714286,156.57142857142858,58.82352941176471,0.10085541189158682,0.21373200442967885,-0.03022965161693489,0,MA_Cross,
2026-04-02 11:56:18.269517,PTBA.JK,2970.0,2754.285714285714,3077.8571428571427,49.350649350649356,0.34336314102779436,0.036315536315536315,0.09226168500332278,0,MA_Cross,
2026-04-02 11:56:18.644816,RDTX.JK,16850.0,15875.0,17337.5,56.140350877192986,0.0,0.028931750741839762,0.023984375,0,MA_Cross,
2026-04-02 11:56:18.901675,SAFE.JK,406.0,354.2857142857143,431.85714285714283,66.66666666666666,0.12882654426004986,0.06368754398311048,-0.0014404774153719577,0,MA_Cross,
2026-04-02 11:56:18.942254,SAME.JK,348.0,315.14285714285717,364.42857142857144,72.54901960784314,0.0371578017797704,0.04720853858784893,-0.0022621740683414424,0,MA_Cross,
2026-04-02 11:56:19.308479,SILO.JK,2750.0,2597.1428571428573,2826.4285714285716,62.50000000000001,0.5740499828825745,0.027792207792207792,0.009426987060998152,0,MA_Cross,
2026-04-02 11:56:19.348817,SIMP.JK,650.0,602.1428571428571,673.9285714285714,69.23076923076923,0.7901835805748239,0.036813186813186814,0.020192632646164322,0,MA_Cross,
2026-04-02 11:56:19.753538,SPTO.JK,655.0,627.1428571428571,668.9285714285714,53.33333333333333,0.03923930293423629,0.021264994547437296,-0.00015513496742169212,0,MA_Cross,
2026-04-02 11:56:19.929900,TAPG.JK,1850.0,1653.5714285714287,1948.2142857142858,59.689922480620154,0.30269095647860833,0.05308880308880309,0.08182620202911331,0,MA_Cross,
2026-04-02 11:56:20.132630,TCPI.JK,11675.0,10507.142857142857,12258.92857142857,52.666666666666664,0.670174930543615,0.050015295197308046,0.032489846922836615,0,MA_Cross,
2026-04-02 11:56:20.737281,UNTR.JK,30950.0,29050.0,31900.0,61.06194690265487,0.19904088277277904,0.030694668820678513,0.02862769378945015,0,MA_Cross,
2026-04-02 11:56:21.337913,YULE.JK,3410.0,2971.4285714285716,3629.285714285714,64.51612903225806,1.3405100602332436,0.06430666108085463,0.013648468708388787,0,MA_Cross,
2026-04-02 12:05:41.861108,AADI.JK,10925.0,9696.42857142857,11539.285714285714,55.86854460093896,0.5019715700643966,0.05622752533507683,0.146356783919598,0,MA_Cross,
2026-04-02 12:05:41.903818,AALI.JK,7700.0,7310.714285714285,7894.642857142857,76.92307692307693,0.4948996019702814,0.025278293135435993,-0.015429831006612785,0,MA_Cross,
2026-04-02 12:05:41.936476,ABMM.JK,3040.0,2841.4285714285716,3139.285714285714,51.35135135135135,0.1959594613815466,0.03265977443609023,0.017455762792922016,0,MA_Cross,
2026-04-02 12:05:42.049158,ADES.JK,16500.0,15639.285714285714,16930.35714285714,68.84057971014492,0.040888262248854425,0.02608225108225108,0.005642755221170061,0,MA_Cross,
2026-04-02 12:05:42.198555,ADRO.JK,2510.0,2290.0,2620.0,56.62650602409638,0.6029347027429576,0.043824701195219126,0.058104631217838765,0,MA_Cross,
2026-04-02 12:05:42.229451,AGII.JK,3400.0,2938.5714285714284,3630.714285714286,52.34899328859061,0.759804931657394,0.06785714285714287,0.2814147711965515,0,MA_Cross,
2026-04-02 12:05:42.440488,AKRA.JK,1350.0,1241.4285714285713,1404.2857142857142,63.768115942028984,0.17191244375460596,0.04021164021164021,0.0057560071080893505,0,MA_Cross,
2026-04-02 12:05:42.549006,ALKA.JK,895.0,629.8571428571429,1027.5714285714287,57.85953177257525,2.0622736149274377,0.14812450119712692,0.148347475814706,0,MA_Cross,
2026-04-02 12:05:42.580607,AMAG.JK,430.0,396.2857142857143,446.85714285714283,54.54545454545455,0.1178864641077819,0.03920265780730897,-0.005111611329956872,0,MA_Cross,
2026-04-02 12:05:42.609579,AMAN.JK,308.0,258.85714285714283,332.57142857142856,72.54901960784314,0.36470549712278694,0.07977736549165121,0.04673225579761052,0,MA_Cross,
2026-04-02 12:05:42.913677,APLN.JK,166.0,136.0,181.0,69.38775510204081,0.21659054790047846,0.09036144578313253,-0.03169478123352664,0,MA_Cross,
2026-04-02 12:05:43.087363,ASGR.JK,1655.0,1529.2857142857142,1717.857142857143,55.0,0.3667405967528282,0.03798014674147605,-0.004578465424692138,0,MA_Cross,
2026-04-02 12:05:45.123448,BSSR.JK,4090.0,3990.0,4140.0,66.66666666666666,0.20210526315789473,0.012224938875305624,0.015233564451642242,0,MA_Cross,
2026-04-02 12:05:45.742547,CFIN.JK,332.0,316.0,340.0,52.0,0.6234496148785877,0.024096385542168676,-0.0010364589684185826,0,MA_Cross,
2026-04-02 12:05:46.668303,DSNG.JK,1735.0,1545.0,1830.0,70.1219512195122,0.6548009008840883,0.05475504322766571,0.008865737546570931,0,MA_Cross,
2026-04-02 12:05:47.110211,ESSA.JK,690.0,599.2857142857143,735.3571428571429,34.61538461538461,0.2352606665580122,0.06573498964803312,0.07776962582538519,0,MA_Cross,
2026-04-02 12:05:47.496978,GJTL.JK,1095.0,1033.5714285714287,1125.7142857142858,60.526315789473685,0.4750431240914273,0.028049575994781476,-0.019630592166326424,0,MA_Cross,
2026-04-02 12:05:48.257856,ICON.JK,107.0,70.71428571428572,125.14285714285714,43.07692307692308,0.033520754927707105,0.16955941255006676,0.13983135916482625,0,MA_Cross,
2026-04-02 12:05:48.292002,IDPR.JK,308.0,297.42857142857144,313.2857142857143,55.55555555555556,0.3202010230638069,0.017161410018552876,0.03845093715545744,0,MA_Cross,
2026-04-02 12:05:48.796322,INPS.JK,565.0,420.0,637.5,39.04109589041096,0.00840696432925035,0.12831858407079647,0.2484267416894944,0,MA_Cross,
2026-04-02 12:05:48.885677,IPCC.JK,1295.0,1211.4285714285713,1336.7857142857142,52.7027027027027,0.15306826993552225,0.03226696083838941,-0.02347980813863524,0,MA_Cross,
2026-04-02 12:05:49.071544,ITMG.JK,27150.0,24364.285714285714,28542.85714285714,50.69582504970179,0.7560528885641876,0.05130228887134965,0.12460363217065437,0,MA_Cross,
2026-04-02 12:05:49.104583,JAYA.JK,136.0,98.14285714285714,154.92857142857142,56.62650602409638,0.6525501453789718,0.13918067226890754,0.008834765998089775,0,MA_Cross,
2026-04-02 12:05:49.237292,JRPT.JK,1110.0,1067.857142857143,1131.0714285714287,50.0,0.2509578544061303,0.018983268983268985,0.01897689768976902,0,MA_Cross,
2026-04-02 12:05:49.658951,KKGI.JK,346.0,299.42857142857144,369.2857142857143,50.0,0.12133976437311698,0.06729975227085053,0.029619597220586512,0,MA_Cross,
2026-04-02 12:05:50.096081,LPGI.JK,670.0,551.4285714285714,729.2857142857143,57.142857142857146,0.38054401715127967,0.08848614072494669,-0.006126880719714666,0,MA_Cross,
2026-04-02 12:05:50.411918,LSIP.JK,1460.0,1348.5714285714287,1515.7142857142858,78.18181818181819,0.5271892077815608,0.03816046966731898,0.06966782510304699,0,MA_Cross,
2026-04-02 12:05:50.514659,MAIN.JK,910.0,822.8571428571429,953.5714285714286,62.5,0.22622223815400688,0.04788069073783359,0.05253534861043396,0,MA_Cross,
2026-04-02 12:05:50.995647,MEDC.JK,1660.0,1446.4285714285713,1766.7857142857142,43.93063583815029,0.31932881742161084,0.06432874354561102,0.08353621424223981,0,MA_Cross,
2026-04-02 12:05:51.030694,MEGA.JK,4290.0,3817.1428571428573,4526.428571428572,58.70967741935484,0.20448617631716223,0.05511155511155511,0.11476318707429109,0,MA_Cross,
2026-04-02 12:05:51.064245,MERK.JK,3320.0,3082.8571428571427,3438.5714285714284,61.61616161616161,1.7435629329499411,0.03571428571428571,-0.016661427224143353,0,MA_Cross,
2026-04-02 12:05:51.921589,NFCX.JK,1830.0,1617.857142857143,1936.0714285714287,52.83018867924528,0.03847915712322492,0.057962529274004686,0.10492650224491044,0,MA_Cross,
2026-04-02 12:05:52.310655,PANS.JK,1690.0,1630.7142857142858,1719.642857142857,46.666666666666664,0.02673876229240322,0.01754015215553677,0.03380238605078006,0,MA_Cross,
2026-04-02 12:05:52.714611,POWR.JK,725.0,690.7142857142857,742.1428571428571,50.0,0.12270169075746638,0.023645320197044333,0.01995256034603035,0,MA_Cross,
2026-04-02 12:05:52.913531,PSDN.JK,130.0,74.71428571428572,157.64285714285714,59.21052631578947,0.12144734512671759,0.21263736263736263,-0.029990627928772176,0,MA_Cross,
2026-04-02 12:05:52.980083,PTBA.JK,2950.0,2731.4285714285716,3059.285714285714,48.10126582278481,0.38434029452346546,0.03704600484261501,0.09205376264677653,0,MA_Cross,
2026-04-02 12:05:53.254687,RDTX.JK,16850.0,15875.0,17337.5,56.140350877192986,0.0,0.028931750741839762,0.023984375,0,MA_Cross,
2026-04-02 12:05:53.511340,SAFE.JK,402.0,350.2857142857143,427.85714285714283,64.28571428571428,0.2943423454012988,0.06432125088841507,-0.0017495111659977533,0,MA_Cross,
2026-04-02 12:05:53.557842,SAME.JK,346.0,313.14285714285717,362.42857142857144,71.15384615384616,0.03729340878059384,0.047481420313790254,-0.0024410573946177455,0,MA_Cross,
2026-04-02 12:05:53.899183,SILO.JK,2750.0,2597.1428571428573,2826.4285714285716,62.50000000000001,0.6293126991351844,0.027792207792207792,0.009426987060998152,0,MA_Cross,
2026-04-02 12:05:53.936397,SIMP.JK,645.0,597.1428571428571,668.9285714285714,68.0,0.8655074477132065,0.0370985603543743,0.019942538448538032,0,MA_Cross,
2026-04-02 12:05:54.375805,SPTO.JK,655.0,627.1428571428571,668.9285714285714,53.33333333333333,0.042754220038437145,0.021264994547437296,-0.00015513496742169212,0,MA_Cross,
2026-04-02 12:05:54.580182,TAPG.JK,1840.0,1643.5714285714287,1938.2142857142858,59.055118110236215,0.34235797945351276,0.053377329192546584,0.08164744438142053,0,MA_Cross,
2026-04-02 12:05:54.781250,TCPI.JK,11725.0,10557.142857142857,12308.92857142857,53.28947368421052,0.7100854897684337,0.04980201035638136,0.03262082199116426,0,MA_Cross,
2026-04-02 12:05:55.455989,UNTR.JK,31000.0,29100.0,31950.0,61.40350877192982,0.21658311013437723,0.03064516129032258,0.028678304239401497,0,MA_Cross,
2026-04-02 12:05:56.067046,YULE.JK,3410.0,2971.4285714285716,3629.285714285714,64.51612903225806,1.3405100602332436,0.06430666108085463,0.013648468708388787,0,MA_Cross,
2026-04-02 13:46:21.134899,AADI.JK,10950.0,9721.42857142857,11564.285714285714,56.07476635514018,0.5557148949648469,0.05609915198956295,0.1464307171336501,0,MA_Cross,
2026-04-02 13:46:21.177388,AALI.JK,7775.0,7382.142857142857,7971.428571428572,79.3103448275862,0.7392724984948011,0.025264124942581533,-0.01512621877921731,0,MA_Cross,
2026-04-02 13:46:21.206400,ABMM.JK,3050.0,2847.1428571428573,3151.4285714285716,51.99999999999999,0.29850692802590667,0.03325526932084309,0.01755704331192789,0,MA_Cross,
2026-04-02 13:46:21.306386,ADES.JK,16650.0,15789.285714285714,17080.35714285714,70.13888888888889,0.06056764560884569,0.025847275847275846,0.005933467349717917,0,MA_Cross,
2026-04-02 13:46:21.431856,ADRO.JK,2530.0,2310.0,2640.0,57.64705882352941,0.6871569685008432,0.043478260869565216,0.05835191219344877,0,MA_Cross,
2026-04-02 13:46:21.461610,AGII.JK,3400.0,2938.5714285714284,3630.714285714286,52.34899328859061,0.7890982909499904,0.06785714285714287,0.2814147711965515,0,MA_Cross,
2026-04-02 13:46:21.636893,AKRA.JK,1390.0,1277.857142857143,1446.0714285714287,67.53246753246754,0.463344043736065,0.040339157245632064,0.006679020925025165,0,MA_Cross,
2026-04-02 13:46:21.714970,ALKA.JK,905.0,639.8571428571429,1037.5714285714287,58.13953488372093,2.2487702037947996,0.14648776637726915,0.14879360992837568,0,MA_Cross,
2026-04-02 13:46:21.742083,AMAG.JK,430.0,396.2857142857143,446.85714285714283,54.54545454545455,0.08574641551869552,0.03920265780730897,-0.005111611329956872,0,MA_Cross,
2026-04-02 13:46:21.771199,AMAN.JK,302.0,252.85714285714286,326.57142857142856,69.23076923076923,0.36741227820770633,0.08136234626300852,0.04611923509561306,0,MA_Cross,
2026-04-02 13:46:22.021860,APLN.JK,166.0,136.0,181.0,69.38775510204081,0.2350731008704392,0.09036144578313253,-0.03169478123352664,0,MA_Cross,
2026-04-02 13:46:22.166839,ASGR.JK,1650.0,1523.5714285714287,1713.2142857142858,54.54545454545454,0.4934623549641224,0.03831168831168831,-0.004673487432108179,0,MA_Cross,
2026-04-02 13:46:23.113325,BJBR.JK,830.0,801.4285714285714,844.2857142857143,54.166666666666664,0.49506062134823553,0.017211703958691912,-0.008221680876979293,0,MA_Cross,
2026-04-02 13:46:23.232224,BMHS.JK,194.0,177.0,202.5,51.515151515151516,0.6730859314006141,0.04381443298969072,-0.01567040265670408,0,MA_Cross,
2026-04-02 13:46:23.625927,BSSR.JK,4090.0,3990.0,4140.0,66.66666666666666,0.2498902890100934,0.012224938875305624,0.015233564451642242,0,MA_Cross,
2026-04-02 13:46:24.569656,DGNS.JK,304.0,262.2857142857143,324.85714285714283,46.2962962962963,0.0724706553248111,0.06860902255639098,0.01689780530496849,0,MA_Cross,
2026-04-02 13:46:24.849501,DSNG.JK,1740.0,1550.0,1835.0,70.3030303030303,0.8227156969325494,0.05459770114942529,0.008968609865470852,0,MA_Cross,
2026-04-02 13:46:25.182229,ESSA.JK,685.0,594.2857142857143,730.3571428571429,33.33333333333333,0.2808312216952147,0.0662148070907195,0.077560904021133,0,MA_Cross,
2026-04-02 13:46:25.479021,GJTL.JK,1110.0,1047.142857142857,1141.4285714285713,63.41463414634146,1.062401085236265,0.028314028314028312,-0.019207571680430587,0,MA_Cross,
2026-04-02 13:46:26.101441,ICON.JK,106.0,69.71428571428572,124.14285714285714,42.74809160305343,0.04331931576390169,0.17115902964959567,0.13955823293172698,0,MA_Cross,
2026-04-02 13:46:26.129478,IDPR.JK,306.0,295.42857142857144,311.2857142857143,52.631578947368425,0.32196697774587224,0.01727357609710551,0.038249483115093116,0,MA_Cross,
2026-04-02 13:46:26.518508,INPS.JK,575.0,430.0,647.5,39.583333333333336,0.06839498101536373,0.12608695652173912,0.24888987566607457,0,MA_Cross,
2026-04-02 13:46:26.735183,ITMG.JK,27525.0,24725.0,28925.0,52.25409836065573,0.8837333092877514,0.05086285195277021,0.12502830324612502,0,MA_Cross,
2026-04-02 13:46:26.854129,JRPT.JK,1110.0,1067.857142857143,1131.0714285714287,50.0,0.2509578544061303,0.018983268983268985,0.01897689768976902,0,MA_Cross,
2026-04-02 13:46:27.191256,KKGI.JK,346.0,299.42857142857144,369.2857142857143,50.0,0.16660437516671955,0.06729975227085053,0.029619597220586512,0,MA_Cross,
2026-04-02 13:46:27.519337,LPGI.JK,670.0,551.4285714285714,729.2857142857143,57.142857142857146,0.49033977348434377,0.08848614072494669,-0.006126880719714666,0,MA_Cross,
2026-04-02 13:46:27.709109,MAIN.JK,930.0,842.1428571428571,973.9285714285714,66.66666666666666,0.48795228210316105,0.04723502304147466,0.0532407407407408,0,MA_Cross,
2026-04-02 13:46:28.069166,MEDC.JK,1675.0,1461.4285714285713,1781.7857142857142,44.70588235294118,0.3776316544434947,0.06375266524520257,0.08379480314002316,0,MA_Cross,
2026-04-02 13:46:28.097142,MEGA.JK,4250.0,3777.1428571428573,4486.428571428572,57.615894039735096,0.28470490440565255,0.055630252100840334,0.11447055716926327,0,MA_Cross,
2026-04-02 13:46:28.124848,MERK.JK,3380.0,3142.8571428571427,3498.5714285714284,65.59139784946237,2.410275783906309,0.03508030431107354,-0.016089497831688712,0,MA_Cross,
2026-04-02 13:46:28.763595,NFCX.JK,1830.0,1617.857142857143,1936.0714285714287,52.83018867924528,0.03847915712322492,0.057962529274004686,0.10492650224491044,0,MA_Cross,
2026-04-02 13:46:29.087409,PANS.JK,1690.0,1630.7142857142858,1719.642857142857,46.666666666666664,0.056956392761791756,0.01754015215553677,0.03380238605078006,0,MA_Cross,
2026-04-02 13:46:29.454638,POWR.JK,730.0,695.7142857142857,747.1428571428571,52.0,0.17048421732990804,0.023483365949119372,0.020159040178571494,0,MA_Cross,
2026-04-02 13:46:29.687572,PTBA.JK,2950.0,2728.5714285714284,3060.714285714286,48.10126582278481,0.5151243647678,0.03753026634382566,0.09205376264677653,0,MA_Cross,
2026-04-02 13:46:29.949762,RDTX.JK,16850.0,15875.0,17337.5,56.140350877192986,0.0,0.028931750741839762,0.023984375,0,MA_Cross,
2026-04-02 13:46:30.127623,SAFE.JK,406.0,354.2857142857143,431.85714285714283,66.66666666666666,0.6479378113081716,0.06368754398311048,-0.0014404774153719577,0,MA_Cross,
2026-04-02 13:46:30.153281,SAME.JK,344.0,311.14285714285717,360.42857142857144,69.81132075471697,0.08018816766986606,0.04775747508305647,-0.002619983327378812,0,MA_Cross,
2026-04-02 13:46:30.372618,SILO.JK,2750.0,2597.1428571428573,2826.4285714285716,62.50000000000001,0.6528251965067488,0.027792207792207792,0.009426987060998152,0,MA_Cross,
2026-04-02 13:46:30.400425,SIMP.JK,655.0,605.7142857142857,679.6428571428571,70.37037037037037,1.4333778239769714,0.0376226826608506,0.02044264233823285,0,MA_Cross,
2026-04-02 13:46:30.701703,SPTO.JK,660.0,632.1428571428571,673.9285714285714,56.25,0.055141041094646175,0.021103896103896104,7.755545214821549e-05,0,MA_Cross,
2026-04-02 13:46:30.853736,TAPG.JK,1880.0,1680.0,1980.0,61.481481481481474,0.6130040568644323,0.05319148936170213,0.08236220472440944,0,MA_Cross,
2026-04-02 13:46:31.003866,TCPI.JK,11800.0,10628.57142857143,12385.714285714286,54.193548387096776,0.8625221611100098,0.04963680387409201,0.032817240763876494,0,MA_Cross,
2026-04-02 13:46:31.130801,TKIM.JK,8575.0,7285.714285714286,9219.642857142857,41.95402298850575,0.48788285930107544,0.07517700957934194,0.11707873259721556,0,MA_Cross,
2026-04-02 13:46:31.504094,UNTR.JK,31150.0,29250.0,32100.0,62.39316239316239,0.2964204286365709,0.030497592295345103,0.028830114701380888,0,MA_Cross,
2026-04-02 13:46:31.969080,YULE.JK,3410.0,2971.4285714285716,3629.285714285714,64.51612903225806,1.3405100602332436,0.06430666108085463,0.013648468708388787,0,MA_Cross,
2026-04-07 07:11:12.891591,AADI.JK,10875.0,9689.285714285714,11467.857142857143,54.146341463414636,0.3479330439899685,0.054515599343185554,0.1464320572606008,0,MA_Cross,
2026-04-07 07:11:13.060955,ABMM.JK,3040.0,2852.8571428571427,3133.5714285714284,55.07246376811594,0.20191992373347573,0.030780075187969925,0.019283276450511946,0,MA_Cross,
2026-04-07 07:11:13.285252,ADES.JK,16450.0,15596.42857142857,16876.785714285714,76.5625,0.5257781107403119,0.02594442032132002,0.006444091836404262,0,MA_Cross,
2026-04-07 07:11:13.799111,ADRO.JK,2510.0,2291.4285714285716,2619.285714285714,60.256410256410255,0.5923981003225961,0.043540125213431986,0.059626744285592066,0,MA_Cross,
2026-04-07 07:11:13.891124,AGII.JK,3310.0,2751.4285714285716,3589.285714285714,49.36708860759494,1.9535661797715642,0.0843763487268019,0.26473047973846275,0,MA_Cross,
2026-04-07 07:11:14.346417,AKRA.JK,1325.0,1215.7142857142858,1379.642857142857,58.9041095890411,0.6262095567862132,0.04123989218328841,0.0055941358024691355,0,MA_Cross,
2026-04-07 07:11:14.540750,ALKA.JK,770.0,497.0,906.5,56.63430420711974,2.091046785594076,0.17727272727272728,0.1516130084483153,0,MA_Cross,
2026-04-07 07:11:14.599058,AMAG.JK,438.0,404.57142857142856,454.7142857142857,60.0,0.9840146750524109,0.03816046966731899,-0.005245410266017256,0,MA_Cross,
2026-04-07 07:11:14.653422,AMAN.JK,318.0,274.2857142857143,339.85714285714283,74.07407407407408,1.2748725995251122,0.06873315363881402,0.04166666666666673,0,MA_Cross,
2026-04-07 07:11:15.281086,APLN.JK,171.0,140.0,186.5,72.72727272727273,1.5686839016879668,0.09064327485380116,-0.021926338102808706,0,MA_Cross,
2026-04-07 07:11:15.738505,ASGR.JK,1610.0,1485.7142857142858,1672.142857142857,56.8421052631579,0.26238840729719237,0.0385980479148181,-0.012289414131254686,0,MA_Cross,
2026-04-07 07:11:18.393661,BSSR.JK,4050.0,3947.1428571428573,4101.428571428572,66.66666666666666,0.8958163216292809,0.012698412698412698,0.016107009204005214,0,MA_Cross,
2026-04-07 07:11:19.000464,CFIN.JK,330.0,317.14285714285717,336.42857142857144,63.63636363636363,0.5265414306244995,0.01948051948051948,-0.0025606633337398846,0,MA_Cross,
2026-04-07 07:11:20.018020,DSNG.JK,1700.0,1507.142857142857,1796.4285714285713,71.52317880794702,0.6883381719187921,0.05672268907563025,0.015280837004405318,0,MA_Cross,
2026-04-07 07:11:21.187446,GJTL.JK,1110.0,1049.2857142857142,1140.357142857143,74.28571428571428,0.7454838569812495,0.02734877734877735,-0.01889332466809016,0,MA_Cross,
2026-04-07 07:11:21.432384,GSMF.JK,117.0,94.42857142857143,128.28571428571428,65.34653465346534,2.148980728019911,0.09645909645909646,-0.10392565901763696,0,MA_Cross,
2026-04-07 07:11:22.169394,IDPR.JK,304.0,294.0,309.0,55.55555555555556,0.530793415942297,0.01644736842105263,0.03896998072156428,0,MA_Cross,
2026-04-07 07:11:22.957543,ITMG.JK,26650.0,23910.714285714286,28019.64285714286,42.97872340425532,0.47050386785051174,0.05139372822299652,0.12845833589696262,0,MA_Cross,
2026-04-07 07:11:22.993974,JAYA.JK,133.0,95.85714285714286,151.57142857142858,62.85714285714286,0.5821588091846098,0.13963480128893663,-0.016380407124681952,0,MA_Cross,
2026-04-07 07:11:23.122844,JRPT.JK,1115.0,1074.2857142857142,1135.357142857143,62.50000000000001,0.4280128310192231,0.01825752722613709,0.0170771907334494,0,MA_Cross,
2026-04-07 07:11:23.674315,KKGI.JK,344.0,303.14285714285717,364.42857142857144,35.71428571428572,0.24700985661869732,0.05938538205980066,0.03221816468370832,0,MA_Cross,
2026-04-07 07:11:24.456318,LSIP.JK,1460.0,1352.142857142857,1513.9285714285713,72.58064516129032,0.5587381972217621,0.036937377690802346,0.07723250201126307,0,MA_Cross,
2026-04-07 07:11:24.555515,MAIN.JK,920.0,834.2857142857143,962.8571428571429,67.3913043478261,0.39665345662703655,0.046583850931677016,0.05892010215249915,0,MA_Cross,
2026-04-07 07:11:25.816655,MEGA.JK,4490.0,4022.8571428571427,4723.571428571428,68.94409937888199,3.104980126256722,0.052020362710785875,0.10529492023509661,0,MA_Cross,
2026-04-07 07:11:25.852425,MERK.JK,3360.0,3121.4285714285716,3479.285714285714,64.89361702127658,1.1077636152954808,0.035501700680272114,-0.012971920346755506,0,MA_Cross,
2026-04-07 07:11:27.610155,MTLA.JK,615.0,533.0,656.0,70.73170731707317,0.24021171201737124,0.06666666666666667,-0.04925347520164758,0,MA_Cross,
2026-04-07 07:11:27.910688,NFCX.JK,1840.0,1664.2857142857142,1927.857142857143,76.31578947368422,0.3550932568149211,0.047748447204968944,0.09919735310336382,0,MA_Cross,
2026-04-07 07:11:28.497567,PANS.JK,1690.0,1637.857142857143,1716.0714285714287,66.66666666666666,0.17705996710034394,0.015426880811496197,0.02951950668538977,0,MA_Cross,
2026-04-07 07:11:29.981158,POWR.JK,730.0,697.1428571428571,746.4285714285714,54.166666666666664,0.45181128010088784,0.022504892367906065,0.01770528370277436,0,MA_Cross,
2026-04-07 07:11:30.281157,PTBA.JK,2980.0,2764.285714285714,3087.8571428571427,51.724137931034484,0.3812129015137628,0.036193672099712366,0.0941293312734496,0,MA_Cross,
2026-04-07 07:11:30.583274,RDTX.JK,16775.0,16096.42857142857,17114.285714285714,56.287425149700596,0.0,0.02022567596338088,0.019971469329529243,0,MA_Cross,
2026-04-07 07:11:31.230789,SAFE.JK,394.0,342.85714285714283,419.57142857142856,61.016949152542374,0.7047071415080481,0.06490210297316897,-0.0016459212015224422,0,MA_Cross,
2026-04-07 07:11:31.279262,SAME.JK,340.0,309.14285714285717,355.42857142857144,63.26530612244898,0.7290967366569238,0.0453781512605042,-0.0013117099928452115,0,MA_Cross,
2026-04-07 07:11:31.790353,SILO.JK,2750.0,2611.4285714285716,2819.285714285714,54.54545454545455,0.517968549984504,0.025194805194805197,0.008856088560885609,0,MA_Cross,
2026-04-07 07:11:32.017585,SIMP.JK,655.0,607.1428571428571,678.9285714285714,73.07692307692308,0.9515087028235014,0.036532170119956374,0.021750126454223532,0,MA_Cross,
2026-04-07 07:11:33.049374,SPTO.JK,660.0,635.0,672.5,75.0,0.09601954320031215,0.01893939393939394,-0.0003875968992248062,0,MA_Cross,
2026-04-07 07:11:33.665169,TAPG.JK,1840.0,1650.7142857142858,1934.642857142857,58.778625954198475,0.4155187582349953,0.051436335403726705,0.08375156838143036,0,MA_Cross,
2026-04-07 07:11:33.969400,TCPI.JK,11950.0,10932.142857142857,12458.92857142857,61.224489795918366,1.2377447134717372,0.042588164973102215,0.027482545470716414,0,MA_Cross,
2026-04-07 07:11:34.375416,TOTL.JK,1070.0,1005.0,1102.5,62.22222222222223,0.8267190457074038,0.030373831775700934,-0.013026052104208503,0,MA_Cross,
2026-04-07 07:11:34.944794,UNTR.JK,30550.0,28703.571428571428,31473.214285714286,58.297872340425535,0.23842226139373232,0.030219780219780217,0.03241880238902563,0,MA_Cross,
2026-04-07 07:11:35.541996,YULE.JK,3400.0,2930.0,3635.0,56.25,0.8567854909318324,0.06911764705882353,0.013342187877324262,0,MA_Cross,
2026-04-07 11:01:25.042443,ADRO.JK,2470.0,2251.4285714285716,2579.285714285714,55.69620253164557,0.12088630006105613,0.04424522845575477,0.058735583084152075,0,MA_Cross,
2026-04-07 11:01:29.570292,JRPT.JK,1110.0,1070.7142857142858,1129.642857142857,50.0,0.001900192394479941,0.017696267696267694,0.01578225068618481,0,MA_Cross,
2026-04-07 11:01:30.578554,MEGA.JK,4980.0,4427.142857142857,5256.428571428572,74.09326424870466,2.8598189197627226,0.055507745266781414,0.10416124837451235,0,MA_Cross,
2026-04-07 11:01:33.589375,TCPI.JK,11650.0,10710.714285714286,12119.642857142857,52.08333333333333,0.0760835628047392,0.04031269160024525,0.02268695112215027,0,MA_Cross,
2026-04-07 11:01:33.846929,TOTL.JK,1075.0,1010.7142857142857,1107.142857142857,62.22222222222223,0.15188076439325654,0.029900332225913623,-0.01420535799408913,0,MA_Cross,
2026-04-08 08:23:02.206415,AADI.JK,10550.0,9353.57142857143,11148.214285714286,51.62790697674419,0.4116794445281504,0.05670277589708869,0.14227620381342237,0,MA_Cross,
2026-04-08 08:23:02.285926,AALI.JK,7725.0,7350.0,7912.5,78.125,0.9822473036726613,0.024271844660194174,-0.010917467948717948,0,MA_Cross,
2026-04-08 08:23:02.326444,ABMM.JK,3100.0,2904.285714285714,3197.8571428571427,61.971830985915496,0.8437117636776787,0.031566820276497695,0.021177192743145515,0,MA_Cross,
2026-04-08 08:23:02.449638,ADES.JK,16200.0,15357.142857142857,16621.428571428572,69.23076923076923,0.23118986640825084,0.026014109347442683,0.007568896364342088,0,MA_Cross,
2026-04-08 08:23:02.616067,ADRO.JK,2410.0,2181.4285714285716,2524.285714285714,51.76470588235294,0.7865180196825037,0.04742145820983996,0.057996409949568256,0,MA_Cross,
2026-04-08 08:23:02.646476,AGII.JK,3230.0,2641.4285714285716,3524.285714285714,46.98795180722892,0.37203900704704224,0.09111012826183104,0.24760689215060622,0,MA_Cross,
2026-04-08 08:23:02.868381,AKRA.JK,1400.0,1285.0,1457.5,68.23529411764706,1.3001747403765302,0.04107142857142857,0.004349164806404504,0,MA_Cross,
2026-04-08 08:23:02.922801,ALDO.JK,575.0,507.8571428571429,608.5714285714286,56.09756097560975,1.508352819734985,0.05838509316770186,0.0008089160524897456,0,MA_Cross,
2026-04-08 08:23:02.950164,ALKA.JK,750.0,492.14285714285717,878.9285714285714,51.57894736842105,0.7126219731202106,0.1719047619047619,0.15997419771004665,0,MA_Cross,
2026-04-08 08:23:03.008661,AMAN.JK,312.0,273.14285714285717,331.42857142857144,56.41025641025641,0.4947680774636889,0.062271062271062265,0.03917339270804339,0,MA_Cross,
2026-04-08 08:23:03.286480,APLN.JK,169.0,139.57142857142858,183.71428571428572,65.95744680851064,0.8294869108794874,0.08706677937447167,-0.007709690283131706,0,MA_Cross,
2026-04-08 08:23:03.502461,ASGR.JK,1610.0,1495.0,1667.5,55.91397849462366,0.10428013798111838,0.03571428571428571,-0.01842121723900672,0,MA_Cross,
2026-04-08 08:23:04.588783,BJBR.JK,825.0,798.5714285714286,838.2142857142857,55.0,0.6542018202890094,0.016017316017316017,-0.008836075563680683,0,MA_Cross,
2026-04-08 08:23:05.189111,BSSR.JK,4030.0,3930.0,4080.0,60.0,0.492060722387018,0.01240694789081886,0.01662791873041549,0,MA_Cross,
2026-04-08 08:23:05.649365,CFIN.JK,330.0,317.7142857142857,336.14285714285717,55.55555555555556,0.6105263774946436,0.018614718614718615,-0.0021956574774336037,0,MA_Cross,
2026-04-08 08:23:06.467572,DSNG.JK,1675.0,1485.0,1770.0,76.05633802816901,0.442552563167074,0.056716417910447764,0.023811157620256672,0,MA_Cross,
2026-04-08 08:23:07.214433,GJTL.JK,1095.0,1035.0,1125.0,64.70588235294117,0.548751998908807,0.0273972602739726,-0.018528838116467022,0,MA_Cross,
2026-04-08 08:23:07.414145,GSMF.JK,144.0,116.28571428571428,157.85714285714286,72.22222222222223,8.35147614764539,0.09623015873015874,-0.08583853280393268,0,MA_Cross,
2026-04-08 08:23:07.935157,IDPR.JK,304.0,294.57142857142856,308.7142857142857,55.55555555555556,0.37539297207805494,0.015507518796992482,0.0414087219700097,0,MA_Cross,
2026-04-08 08:23:08.574155,ITMG.JK,26650.0,23932.14285714286,28008.928571428572,44.008714596949886,0.38871285970775066,0.05099169123559367,0.13074439608492205,0,MA_Cross,
2026-04-08 08:23:08.607228,JAYA.JK,132.0,94.57142857142857,150.71428571428572,60.869565217391305,0.8534169314476924,0.14177489177489178,-0.028814097475789884,0,MA_Cross,
2026-04-08 08:23:08.721876,JRPT.JK,1110.0,1069.2857142857142,1130.357142857143,50.0,1.2594043538262922,0.01833976833976834,0.01578225068618481,0,MA_Cross,
2026-04-08 08:23:09.609341,LSIP.JK,1465.0,1360.0,1517.5,76.66666666666666,0.4259370492062821,0.03583617747440273,0.08172499399375346,0,MA_Cross,
2026-04-08 08:23:09.696268,MAIN.JK,925.0,839.2857142857143,967.8571428571429,64.28571428571428,0.6650869080708586,0.04633204633204633,0.0591626213592233,0,MA_Cross,
2026-04-08 08:23:10.120143,MEGA.JK,5600.0,5011.428571428572,5894.285714285715,80.3921568627451,11.097778498459542,0.052551020408163264,0.10864831233473321,0,MA_Cross,
2026-04-08 08:23:10.150919,MERK.JK,3360.0,3115.714285714286,3482.1428571428573,63.73626373626374,0.8817276490992503,0.03635204081632653,-0.009798379498775146,0,MA_Cross,
2026-04-08 08:23:10.690411,MTLA.JK,585.0,497.2857142857143,628.8571428571429,61.70212765957447,0.11581813794767502,0.07496947496947497,-0.04461062403300678,0,MA_Cross,
2026-04-08 08:23:10.868766,NFCX.JK,1830.0,1667.142857142857,1911.4285714285713,74.35897435897436,0.42433584187142986,0.04449648711943794,0.09327310462702963,0,MA_Cross,
2026-04-08 08:23:11.208615,PANS.JK,1680.0,1634.2857142857142,1702.857142857143,44.444444444444436,1.0511248716432773,0.013605442176870748,0.026141002985802263,0,MA_Cross,
2026-04-08 08:23:11.541883,POWR.JK,725.0,694.2857142857143,740.3571428571429,42.857142857142854,0.4523284723222798,0.021182266009852218,0.01588628762541803,0,MA_Cross,
2026-04-08 08:23:11.753915,PTBA.JK,2930.0,2702.8571428571427,3043.5714285714284,48.913043478260875,0.5953712513135122,0.038761579717211114,0.09349802081806183,0,MA_Cross,
2026-04-08 08:23:11.998353,RDTX.JK,16775.0,16189.285714285714,17067.85714285714,48.226950354609926,0.0,0.01745795188418139,0.021469539606262595,0,MA_Cross,
2026-04-08 08:23:12.183361,SAFE.JK,396.0,348.2857142857143,419.85714285714283,59.64912280701754,0.6852967105333035,0.06024531024531025,-0.001079913606911488,0,MA_Cross,
2026-04-08 08:23:12.485551,SILO.JK,2760.0,2634.285714285714,2822.8571428571427,59.375,1.4265267175572518,0.022774327122153208,0.00747642899233949,0,MA_Cross,
2026-04-08 08:23:12.524400,SIMP.JK,640.0,592.1428571428571,663.9285714285714,65.51724137931035,0.9585352318541038,0.037388392857142856,0.023989898989898988,0,MA_Cross,
2026-04-08 08:23:12.850381,SPTO.JK,655.0,630.7142857142857,667.1428571428571,60.0,0.2859886797850385,0.018538713195201745,-0.0004649000464899342,0,MA_Cross,
2026-04-08 08:23:13.020501,TAPG.JK,1800.0,1617.857142857143,1891.0714285714287,59.230769230769226,0.5593392608979513,0.050595238095238096,0.086936148944146,0,MA_Cross,
2026-04-08 08:23:13.176440,TCPI.JK,11500.0,10489.285714285714,12005.357142857143,50.0,0.3827222559301956,0.04394409937888199,0.022293700088731144,0,MA_Cross,
2026-04-08 08:23:13.484962,TOTL.JK,1060.0,992.1428571428571,1093.9285714285713,58.69565217391305,0.7974013771781496,0.032008086253369275,-0.01463856570665641,0,MA_Cross,
2026-04-08 08:23:13.737010,UNTR.JK,30000.0,28142.85714285714,30928.571428571428,51.807228915662655,0.41361294163535955,0.030952380952380953,0.035725977360051,0,MA_Cross,
2026-04-08 10:11:29.978069,AADI.JK,10075.0,8928.57142857143,10648.214285714286,54.41176470588235,0.041922182016319316,0.05689471818504076,0.13329583802024747,0,MA_Cross,
2026-04-08 10:11:30.096267,AALI.JK,7725.0,7350.0,7912.5,78.125,0.9822473036726613,0.024271844660194174,-0.010917467948717948,0,MA_Cross,
2026-04-08 10:11:30.157357,ABMM.JK,3100.0,2904.285714285714,3197.8571428571427,61.971830985915496,0.8437117636776787,0.031566820276497695,0.021177192743145515,0,MA_Cross,
2026-04-08 10:11:30.336854,ADES.JK,16200.0,15357.142857142857,16621.428571428572,69.23076923076923,0.23118986640825084,0.026014109347442683,0.007568896364342088,0,MA_Cross,
2026-04-08 10:11:30.624285,ADRO.JK,2410.0,2181.4285714285716,2524.285714285714,51.76470588235294,0.7865180196825037,0.04742145820983996,0.057996409949568256,0,MA_Cross,
2026-04-08 10:11:30.671787,AGII.JK,3230.0,2641.4285714285716,3524.285714285714,46.98795180722892,0.37203900704704224,0.09111012826183104,0.24760689215060622,0,MA_Cross,
2026-04-08 10:11:30.934246,AKRA.JK,1375.0,1258.5714285714287,1433.2142857142858,65.9090909090909,0.04786011463152076,0.04233766233766234,0.00434081130915803,0,MA_Cross,
2026-04-08 10:11:31.027044,ALDO.JK,575.0,507.8571428571429,608.5714285714286,56.09756097560975,1.508352819734985,0.05838509316770186,0.0008089160524897456,0,MA_Cross,
2026-04-08 10:11:31.079113,ALKA.JK,750.0,492.14285714285717,878.9285714285714,51.57894736842105,0.7126219731202106,0.1719047619047619,0.15997419771004665,0,MA_Cross,
2026-04-08 10:11:31.192833,AMAN.JK,312.0,273.14285714285717,331.42857142857144,56.41025641025641,0.4947680774636889,0.062271062271062265,0.03917339270804339,0,MA_Cross,
2026-04-08 10:11:31.548648,APLN.JK,169.0,139.57142857142858,183.71428571428572,65.95744680851064,0.8294869108794874,0.08706677937447167,-0.007709690283131706,0,MA_Cross,
2026-04-08 10:11:31.805729,ASGR.JK,1610.0,1495.0,1667.5,55.91397849462366,0.10428013798111838,0.03571428571428571,-0.01842121723900672,0,MA_Cross,
2026-04-08 10:11:33.272529,BJBR.JK,825.0,798.5714285714286,838.2142857142857,55.0,0.6542018202890094,0.016017316017316017,-0.008836075563680683,0,MA_Cross,
2026-04-08 10:11:33.987482,BSSR.JK,4030.0,3930.0,4080.0,60.0,0.492060722387018,0.01240694789081886,0.01662791873041549,0,MA_Cross,
2026-04-08 10:11:34.608170,CFIN.JK,330.0,317.7142857142857,336.14285714285717,55.55555555555556,0.6105263774946436,0.018614718614718615,-0.0021956574774336037,0,MA_Cross,
2026-04-08 10:11:35.790365,DSNG.JK,1675.0,1485.0,1770.0,76.05633802816901,0.442552563167074,0.056716417910447764,0.023811157620256672,0,MA_Cross,
2026-04-08 10:11:36.916760,GJTL.JK,1095.0,1035.0,1125.0,64.70588235294117,0.548751998908807,0.0273972602739726,-0.018528838116467022,0,MA_Cross,
2026-04-08 10:11:37.182131,GSMF.JK,147.0,120.14285714285714,160.42857142857142,75.2,0.05374448521211454,0.0913508260447036,-0.0667985679291502,0,MA_Cross,
2026-04-08 10:11:38.078566,IDPR.JK,304.0,294.57142857142856,308.7142857142857,55.55555555555556,0.37539297207805494,0.015507518796992482,0.0414087219700097,0,MA_Cross,
2026-04-08 10:11:38.591198,INKP.JK,9950.0,9078.57142857143,10385.714285714286,64.94845360824743,0.0073680554006380124,0.04379038047379756,-0.02215431627196333,0,MA_Cross,
2026-04-08 10:11:39.022559,ITMG.JK,25550.0,22957.14285714286,26846.428571428572,46.75925925925926,0.045919226772524455,0.05074084428291864,0.12884654575096802,0,MA_Cross,
2026-04-08 10:11:39.088261,JAYA.JK,134.0,97.85714285714286,152.07142857142858,59.701492537313435,0.007501084691960271,0.13486140724946696,-0.032641419743305373,0,MA_Cross,
2026-04-08 10:11:39.288827,JRPT.JK,1110.0,1069.2857142857142,1130.357142857143,50.0,1.2594043538262922,0.01833976833976834,0.01578225068618481,0,MA_Cross,
2026-04-08 10:11:40.673409,LSIP.JK,1465.0,1360.0,1517.5,76.66666666666666,0.4259370492062821,0.03583617747440273,0.08172499399375346,0,MA_Cross,
2026-04-08 10:11:40.867882,MAIN.JK,925.0,839.2857142857143,967.8571428571429,64.28571428571428,0.6650869080708586,0.04633204633204633,0.0591626213592233,0,MA_Cross,
2026-04-08 10:11:41.007397,MAPI.JK,1270.0,1134.2857142857142,1337.857142857143,55.99999999999999,0.743133663911575,0.05343082114735658,-0.04041646171503522,0,MA_Cross,
2026-04-08 10:11:41.468316,MEGA.JK,5600.0,5011.428571428572,5894.285714285715,80.3921568627451,11.097778498459542,0.052551020408163264,0.10864831233473321,0,MA_Cross,
2026-04-08 10:11:41.514121,MERK.JK,3360.0,3115.714285714286,3482.1428571428573,63.73626373626374,0.8817276490992503,0.03635204081632653,-0.009798379498775146,0,MA_Cross,
2026-04-08 10:11:42.468359,MTLA.JK,585.0,497.2857142857143,628.8571428571429,61.70212765957447,0.11581813794767502,0.07496947496947497,-0.04461062403300678,0,MA_Cross,
2026-04-08 10:11:42.822733,NFCX.JK,1830.0,1667.142857142857,1911.4285714285713,74.35897435897436,0.42433584187142986,0.04449648711943794,0.09327310462702963,0,MA_Cross,
2026-04-08 10:11:43.408913,PANS.JK,1680.0,1634.2857142857142,1702.857142857143,44.444444444444436,1.0511248716432773,0.013605442176870748,0.026141002985802263,0,MA_Cross,
2026-04-08 10:11:44.014534,POWR.JK,725.0,694.2857142857143,740.3571428571429,42.857142857142854,0.4523284723222798,0.021182266009852218,0.01588628762541803,0,MA_Cross,
2026-04-08 10:11:44.346532,PTBA.JK,2930.0,2702.8571428571427,3043.5714285714284,48.913043478260875,0.5953712513135122,0.038761579717211114,0.09349802081806183,0,MA_Cross,
2026-04-08 10:11:44.732603,RDTX.JK,16775.0,16189.285714285714,17067.85714285714,48.226950354609926,0.0,0.01745795188418139,0.021469539606262595,0,MA_Cross,
2026-04-08 10:11:45.112869,SAFE.JK,396.0,348.2857142857143,419.85714285714283,59.64912280701754,0.6852967105333035,0.06024531024531025,-0.001079913606911488,0,MA_Cross,
2026-04-08 10:11:45.714057,SILO.JK,2760.0,2634.285714285714,2822.8571428571427,59.375,1.4265267175572518,0.022774327122153208,0.00747642899233949,0,MA_Cross,
2026-04-08 10:11:45.762780,SIMP.JK,640.0,592.1428571428571,663.9285714285714,65.51724137931035,0.9585352318541038,0.037388392857142856,0.023989898989898988,0,MA_Cross,
2026-04-08 10:11:46.241453,SPTO.JK,655.0,630.7142857142857,667.1428571428571,60.0,0.2859886797850385,0.018538713195201745,-0.0004649000464899342,0,MA_Cross,
2026-04-08 10:11:46.414438,TAPG.JK,1800.0,1617.857142857143,1891.0714285714287,59.230769230769226,0.5593392608979513,0.050595238095238096,0.086936148944146,0,MA_Cross,
2026-04-08 10:11:46.597584,TCPI.JK,11325.0,10325.0,11825.0,47.43589743589743,0.0035855888597949386,0.04415011037527594,0.01596050825696197,0,MA_Cross,
2026-04-08 10:11:46.995794,TOTL.JK,1060.0,992.1428571428571,1093.9285714285713,58.69565217391305,0.7974013771781496,0.032008086253369275,-0.01463856570665641,0,MA_Cross,
2026-04-08 10:11:47.283852,UNTR.JK,30025.0,28332.14285714286,30871.428571428572,59.36073059360731,0.004359681878616708,0.028190793386463662,0.037449567226456086,0,MA_Cross,
